Title,Link,Snippet
b'\xe9\x95\xb7\xe6\x9d\xbf\xe8\x88\x87\xe8\x9b\x87\xe6\x9d\xbf\xe5\xa4\xa7\xe4\xb8\x8d\xe5\x90\x8c\xef\xbc\x81\xe5\x93\xaa\xe4\xb8\x80\xe7\xa8\xae\xe6\x9b\xb4\xe9\x81\xa9\xe5\x90\x88\xe5\x88\x9d\xe5\xad\xb8\xe8\x80\x85\xef\xbc\x9f',b'https://www.redbull.com/tw-zh/longboard-snakeboard',b'\xe4\xbb\xa5\xe6\x9c\x80\xe4\xb8\xbb\xe8\xa6\x81\xe7\x9a\x84\xe5\x88\x86\xe9\xa1\x9e\xe4\xbe\x86\xe8\xaa\xaa\xef\xbc\x8c\xe6\xbb\x91\xe6\x9d\xbf\xe5\x8f\x88\xe5\x88\x86\xe7\x82\xba\xe9\x95\xb7\xe5\x9e\x8b\xe6\xbb\x91\xe6\x9d\xbf\xe5\x92\x8c\xe7\x9f\xad\xe5\x9e\x8b\xe6\xbb\x91\xe6\x9d\xbf\xef\xbc\x8c\xe7\x9f\xad\xe5\x9e\x8b\xe6\xbb\x91\xe6\x9d\xbf\xe6\x98\xaf\xe4\xbb\xa5\xe7\x8e\xa9\xe8\x8a\xb1\xe5\xbc\x8f\xe6\x8a\x80\xe5\xb7\xa7\xe7\x82\xba\xe4\xb8\xbb\xef\xbc\x8c\xe9\x95\xb7\xe5\x9e\x8b\xe6\xbb\x91\xe6\x9d\xbf\xe5\x89\x87\xe5\xa4\xa7\xe5\xa4\x9a\xe7\x94\xa8\xe4\xbe\x86\xe6\xbb\x91\xe8\xa1\x8c\xe4\xbb\xa3\xe6\xad\xa5\xe7\x82\xba\xe4\xb8\xbb\xe3\x80\x82 \xe4\xbb\x8a\xe5\xa4\xa9\xe6\x88\x91\xe5\x80\x91\xe8\xa6\x81\xe4\xbb\x8b\xe7\xb4\xb9\xe7\x9a\x84\xef\xbc\x8c\xe6\xad\xa3\xe6\x98\xaf\xe9\x9b\xbb\xe5\xbd\xb1\xe7\x99\xbd\xe6\x97\xa5\xe5\xa4\xa2 ...'
b'\xe6\x83\xb3\xe6\x88\x90\xe7\x82\xba\xe6\x9d\xbf\xe4\xbb\x94\xe4\xbd\xa0\xe6\x87\x89\xe8\xa9\xb2\xe8\xa6\x81\xe7\x9f\xa5\xe9\x81\x93\xe7\x9a\x84\xe6\xbb\x91\xe6\x9d\xbf\xe6\xad\xb7\xe5\x8f\xb2\xe9\x87\x8d\xe8\xa6\x81\xe5\xa4\xa7\xe4\xba\x8b\xe7\xb4\x80',b'https://www.redbull.com/tw-zh/history-of-skateboarding',b'\xe5\xa4\xa7\xe5\xae\xb6\xe6\x99\xae\xe9\x81\x8d\xe5\x85\xac\xe8\xaa\x8d\xe7\x9a\x84\xe6\xbb\x91\xe6\x9d\xbf\xe6\x96\x87\xe5\x8c\x96\xe8\xb5\xb7\xe6\xba\x90\xe6\x96\xbc\xe7\xbe\x8e\xe5\x9c\x8b\xef\xbc\x8c\xe6\x9c\x80\xe5\x88\x9d\xe6\x98\xaf\xe7\x94\xa8\xe6\x9c\xa8\xe7\xae\xb1\xe4\xb8\xa6\xe5\x9c\xa8\xe5\xba\x95\xe9\x83\xa8\xe8\xa3\x9d\xe4\xb8\x8a\xe6\xba\x9c\xe5\x86\xb0\xe9\x9e\x8b\xe7\x9a\x84\xe6\xbb\x91\xe8\xbc\xaa\xe3\x80\x82\xe6\x9c\x80\xe6\x97\xa9\xe7\x9a\x84\xe6\xa8\xa1\xe5\x9e\x8b\xe5\xb0\xb1\xe5\x83\x8f\xe7\x8f\xbe\xe5\x9c\xa8\xe7\x9a\x84\xe6\xbb\x91\xe6\x9d\xbf\xe8\xbb\x8a\xe4\xb8\x80\xe6\xa8\xa3\xe5\xae\x89\xe8\xa3\x9d\xe4\xba\x86\xe6\x8a\x8a\xe6\x89\x8b\xef\xbc\x8c\xe6\x9c\x80\xe7\xb5\x82\xe7\x94\xa8\xe5\x8e\x9a\xe6\x9c\xa8\xe6\x9d\xbf\xe6\x9b\xbf\xe4\xbb\xa3\xe6\x9c\xa8\xe7\xae\xb1\xef\xbc\x8c\xe5\x86\x8d\xe5\xb0\x87\xe6\x89\x8b\xe6\x8a\x8a ...'
b'\xe5\x88\x9d\xe5\xad\xb8\xe8\x80\x85\xe8\xa9\xb2\xe7\x9f\xa5\xe9\x81\x93\xe7\x9a\x84\xe5\x90\x84\xe5\xbc\x8f\xe6\xbb\x91\xe6\x9d\xbf\xe8\xa9\xb3\xe8\xa7\xa3\xef\xbc\x9a\xe6\xad\xa3\xe5\xae\x97\xe7\xa8\xae\xe9\xa1\x9e\xe8\x88\x87\xe8\xae\x8a\xe5\xbd\xa2\xe6\x9d\xbf\xe7\xa8\xae\xe4\xb8\x80\xe6\xac\xa1\xe6\x87\x82',b'https://www.redbull.com/tw-zh/different-types-of-skateboards',b'\xe4\xbb\xa5\xe6\x9c\x80\xe4\xb8\xbb\xe8\xa6\x81\xe7\x9a\x84\xe5\x85\xa9\xe7\xa8\xae\xe5\x88\x86\xe9\xa1\x9e\xe4\xbe\x86\xe8\xaa\xaa\xef\xbc\x8c\xe5\xb0\xb1\xe6\x9d\xbf\xe8\xba\xab\xe9\x95\xb7\xe5\xba\xa6\xe8\x80\x8c\xe8\xa8\x80\xef\xbc\x8c\xe5\x9f\xba\xe6\x9c\xac\xe4\xb8\x8a\xe5\x88\x86\xe6\x88\x90\xe5\x85\xa9\xe7\xa8\xae\xef\xbc\x9a\xe9\x95\xb7\xe5\x9e\x8b\xe6\xbb\x91\xe6\x9d\xbf\xe5\x92\x8c\xe7\x9f\xad\xe5\x9e\x8b\xe6\xbb\x91\xe6\x9d\xbf\xef\xbc\x8c\xe8\x80\x8c\xe8\x8b\xa5\xe4\xbb\xa5\xe4\xbd\xbf\xe7\x94\xa8\xe7\xb6\x93\xe9\xa9\x97\xe8\x80\x8c\xe8\xa8\x80\xef\xbc\x8c\xe6\x88\x91\xe5\x80\x91\xe5\x8f\xaf\xe4\xbb\xa5\xe8\xaa\xaa\xe7\x9f\xad\xe5\x9e\x8b\xe6\xbb\x91\xe6\x9d\xbf\xe6\x98\xaf\xe4\xbb\xa5\xe7\x8e\xa9\xe8\x8a\xb1\xe5\xbc\x8f\xe6\x8a\x80\xe5\xb7\xa7\xe7\x82\xba\xe4\xb8\xbb\xef\xbc\x8c\xe9\x95\xb7\xe5\x9e\x8b\xe6\xbb\x91\xe6\x9d\xbf\xe5\x89\x87 ...'
b'\xe6\xbb\x91\xe6\x9d\xbf\xe5\x9c\x88\xe8\xa3\xa1\xe4\xbd\xa0\xe8\xa9\xb2\xe7\x9f\xa5\xe9\x81\x93\xe5\x85\xa8\xe7\x90\x83\xe5\x82\x99\xe5\x8f\x97\xe7\x9f\x9a\xe7\x9b\xae\xe7\x9a\x84\xe5\x85\xab\xe5\x90\x8d\xe9\xa0\x82\xe5\xb0\x96\xe5\xa5\xb3\xe5\xad\x90\xe6\xbb\x91\xe6\x9d\xbf\xe9\x81\xb8\xe6\x89\x8b',b'https://www.redbull.com/tw-zh/best-female-skateboarders-you-should-know',b'\xe6\xbb\x91\xe6\x9d\xbf\xe6\x96\x87\xe5\x8c\x96\xe6\xa0\xb8\xe5\xbf\x83\xe4\xb8\x80\xe7\x9b\xb4\xe4\xbb\xa5\xe4\xbe\x86\xe9\x83\xbd\xe7\x94\xb1\xe7\x94\xb7\xe6\x80\xa7\xe6\x89\x80\xe4\xb8\xbb\xe5\xb0\x8e\xef\xbc\x8c\xe4\xbd\x86\xe6\x98\xaf\xef\xbc\x8c\xe6\xbb\x91\xe6\x9d\xbf\xe9\x81\x8b\xe5\x8b\x95\xe6\x9c\x80\xe7\x8b\x82\xe7\x9a\x84\xe5\xb1\xa4\xe9\x9d\xa2\xe4\xb9\x8b\xe4\xb8\x80\xef\xbc\x8c\xe4\xbe\xbf\xe6\x98\xaf\xe5\xa5\xb3\xe6\x80\xa7\xe5\x85\xb6\xe5\xaf\xa6\xe5\xbe\x9e\xe6\xbb\x91\xe6\x9d\xbf\xe4\xb8\x80\xe9\x96\x8b\xe5\xa7\x8b\xe7\x99\xbc\xe5\xb1\x95\xe6\x99\x82\xef\xbc\x8c\xe5\xa5\xb9\xe5\x80\x91\xe4\xbe\xbf\xe5\xad\x98\xe5\x9c\xa8\xe6\x96\xbc\xe5\x85\xb6\xe4\xb8\xad\xe3\x80\x82\xe6\x88\x91\xe5\x80\x91\xe8\xaa\xaa\xe7\x9a\x84\xe5\x8f\xaf\xe4\xb8\x8d\xe6\x98\xaf\xe5\x9d\x90\xe5\x9c\xa8U \xe6\x9d\xbf\xe4\xb8\x8a ...'
b'\xe6\xbb\x91\xe6\x9d\xbf\xe4\xba\xba\xe5\xbf\x85\xe7\x9f\xa5\xe7\x9a\x84\xe7\x86\xb1\xe8\xba\xab\xe6\x8c\x87\xe5\x8d\x97\xef\xbc\x9a\xe7\x8e\xa9\xe6\x9d\xbf\xe5\x89\x8d\xe8\xab\x8b\xe5\xa5\xbd\xe5\xa5\xbd\xe4\xbc\xb8\xe5\xb1\x95\xe5\x9b\x9b\xe8\x82\xa2',b'https://www.redbull.com/tw-zh/basic-stretches-for-skateboarders',b'\xe8\xb8\xa9\xe4\xb8\x8a\xe6\xbb\x91\xe6\x9d\xbf\xe5\x89\x8d\xef\xbc\x8c\xe4\xbe\x86\xe4\xba\x86\xe8\xa7\xa3\xe6\xbb\x91\xe6\x9d\xbf\xe4\xb8\x96\xe7\x95\x8c\xe6\x9c\x80\xe5\xae\xb9\xe6\x98\x93\xe5\x8f\x97\xe5\x82\xb7\xe7\x9a\x84\xe4\xb8\x80\xe4\xba\x9b\xe8\x82\x8c\xe8\x82\x89\xe5\x92\x8c\xe9\x97\x9c\xe7\xaf\x80\xe7\x9a\x84\xe5\x8e\x9f\xe5\x9b\xa0\xef\xbc\x8c\xe8\xb7\x9f\xe8\x91\x97\xe4\xb8\x80\xe8\xb5\xb7\xe6\x94\xbe\xe9\xac\x86\xe4\xbd\xa0\xe7\x9a\x84\xe8\xba\xab\xe9\xab\x94\xe4\xbd\x9c\xe4\xbc\xb8\xe5\xb1\x95\xe9\x81\x8b\xe5\x8b\x95\xe7\x9a\x84\xe7\xb7\xb4\xe7\xbf\x92\xe3\x80\x82'
b'\xe4\xb8\x80\xe5\xad\xb8\xe5\xb0\xb1\xe4\xb8\x8a\xe6\x89\x8b\xef\xbc\x9a\xe5\x88\x9d\xe5\xbf\x83\xe8\x80\x85\xe7\x9a\x849 \xe6\x8b\x9b\xe5\xbf\x85\xe5\xad\xb8\xe6\xbb\x91\xe6\x9d\xbf\xe5\x85\xa5\xe9\x96\x80\xe6\x8a\x80',b'https://www.redbull.com/tw-zh/best-skateboard-tricks-for-beginners',b'\xe9\xa6\x96\xe5\x85\x88\xe5\xbe\x9e\xe5\x9f\xba\xe7\xa4\x8e\xe9\x96\x8b\xe5\xa7\x8b\xef\xbc\x9a\xe8\x83\xbd\xe5\xb9\xb3\xe7\xa9\xa9\xe5\x9c\xb0\xe4\xb8\x8a\xe3\x80\x81\xe4\xb8\x8b\xe6\xbb\x91\xe6\x9d\xbf\xef\xbc\x8c\xe7\x86\x9f\xe7\xb7\xb4\xe5\x9c\xb0\xe5\xae\x9a\xe4\xbd\x8d\xe5\xa5\xbd\xe5\x9c\xa8\xe6\x9d\xbf\xe4\xb8\x8a\xe7\x9a\x84\xe7\xab\x99\xe5\xa7\xbf\xef\xbc\x8c\xe4\xb8\xa6\xe8\x83\xbd\xe5\xa4\xa0\xe5\x9c\xa8\xe8\xa1\x8c\xe9\x80\xb2\xe6\x99\x82\xe7\xb6\xad\xe6\x8c\x81\xe5\x84\xaa\xe9\x9b\x85\xe7\x9a\x84\xe5\xb9\xb3\xe8\xa1\xa1\xe3\x80\x82\xe4\xb8\x80\xe6\x97\xa6\xe4\xbd\xa0\xe5\x85\xb7\xe5\x82\x99\xe9\x80\x99\xe4\xba\x9b\xe5\x9f\xba\xe7\xa4\x8e\xef\xbc\x8c\xe5\xbb\xba\xe7\xab\x8b\xe4\xba\x86\xe4\xbf\xa1\xe5\xbf\x83\xe5\x92\x8c\xe8\x83\xbd\xe5\x8a\x9b\xe5\xbe\x8c\xef\xbc\x8c\xe4\xb9\x9f\xe5\x98\x97\xe8\xa9\xa6\xe8\xae\x93\xe8\x87\xaa\xe5\xb7\xb1 ...'
b'\xe6\xbb\x91\xe6\x9d\xbf\xe5\x88\x9d\xe5\xad\xb8\xe8\x80\x85\xe8\xa9\xb2\xe5\xa6\x82\xe4\xbd\x95\xe6\x94\xb9\xe5\x96\x84\xe5\xb9\xb3\xe8\xa1\xa1\xe4\xb8\x8d\xe8\x89\xaf\xef\xbc\x9f\xe5\xb0\x88\xe6\xa5\xad\xe7\x89\xa9\xe7\x90\x86\xe6\xb2\xbb\xe7\x99\x82\xe5\xb8\xab\xe7\x9a\x844\xe5\x80\x8b ...',b'https://www.redbull.com/tw-zh/consejos-mejorar-equilibrio-skate',b'\xe6\xbb\x91\xe6\x9d\xbf\xe5\x88\x9d\xe5\xad\xb8\xe8\x80\x85\xe8\xa9\xb2\xe5\xa6\x82\xe4\xbd\x95\xe6\x94\xb9\xe5\x96\x84\xe5\xb9\xb3\xe8\xa1\xa1\xe4\xb8\x8d\xe8\x89\xaf\xef\xbc\x9f\xe5\xb0\x88\xe6\xa5\xad\xe7\x89\xa9\xe7\x90\x86\xe6\xb2\xbb\xe7\x99\x82\xe5\xb8\xab\xe7\x9a\x844\xe5\x80\x8b\xe8\xa8\x93\xe7\xb7\xb4\xe8\xa7\xa3\xe6\xb1\xba\xe6\x96\xb9\xe6\xa1\x88 \xc2\xb7 1.\xe8\xa8\x93\xe7\xb7\xb4\xe4\xbd\xa0\xe7\x9a\x84\xe5\xa4\xa7\xe8\x85\xa6 \xc2\xb7 2.\xe8\xa8\x93\xe7\xb7\xb4\xe8\x82\x8c\xe8\x82\x89\xe5\x8d\x94\xe8\xaa\xbf \xc2\xb7 3.\xe6\xb2\xbb\xe7\x99\x82\xe8\x85\xb3\xe9\x83\xa8\xe7\x9a\x84\xe5\x95\x8f\xe9\xa1\x8c \xc2\xb7 4.\xe8\xa6\x96\xe8\xa6\xba\xe6\x84\x9f\xe7\x9a\x84\xe5\x95\x8f\xe9\xa1\x8c \xc2\xb7 \xe6\x9c\x80\xe7\xb5\x82\xe5\xbb\xba\xe8\xad\xb0.'
b'\xe6\xbb\x91\xe6\x9d\xbf\xe9\x81\x8b\xe5\x8b\x95',b'https://www.redbull.com/tw-zh/tags/skateboarding',b'\xe9\x85\xb7\xe7\x82\xab\xe9\x9b\x86\xe9\x8c\xa6\xef\xbc\x81\xe4\xbe\x86\xe8\x87\xaa2020\xe7\x9a\x84Red Bull Bowl Rippers ... \xe8\xb8\xa9\xe4\xb8\x8a\xe6\xbb\x91\xe6\x9d\xbf\xe5\x89\x8d\xef\xbc\x8c\xe4\xbe\x86\xe4\xba\x86\xe8\xa7\xa3\xe6\xbb\x91\xe6\x9d\xbf\xe4\xb8\x96\xe7\x95\x8c\xe6\x9c\x80\xe5\xae\xb9\xe6\x98\x93\xe5\x8f\x97\xe5\x82\xb7\xe7\x9a\x84\xe4\xb8\x80\xe4\xba\x9b\xe8\x82\x8c\xe8\x82\x89\xe5\x92\x8c\xe9\x97\x9c\xe7\xaf\x80\xe7\x9a\x84\xe5\x8e\x9f\xe5\x9b\xa0\xef\xbc\x8c\xe8\xb7\x9f\xe8\x91\x97\xe4\xb8\x80\xe8\xb5\xb7\xe6\x94\xbe\xe9\xac\x86\xe4\xbd\xa0\xe7\x9a\x84\xe8\xba\xab\xe9\xab\x94\xe4\xbd\x9c\xe4\xbc\xb8\xe5\xb1\x95\xe9\x81\x8b\xe5\x8b\x95\xe7\x9a\x84\xe7\xb7\xb4\xe7\xbf\x92\xe3\x80\x82'
b'\xe6\xbb\x91\xe6\x9d\xbf\xe9\x81\xb8\xe6\x89\x8b\xe4\xb9\x8b\xe5\xa4\x96\xe7\x9a\x84\xe7\x94\x9f\xe6\xb4\xbb\xe6\x84\x8f\xe8\xb1\xa1\xef\xbc\x9a\xe6\x9f\xaf\xe5\xae\xb6\xe6\x81\xa9\xe5\xb0\x88\xe8\xa8\xaa',b'https://www.redbull.com/tw-zh/2022-mind-the-gap-kyle-ke-interview',b'\xe5\x8d\x81\xe5\xa4\x9a\xe5\xb9\xb4\xe4\xbe\x86\xef\xbc\x8c\xe6\x9f\xaf\xe5\xae\xb6\xe6\x81\xa9\xe7\x9a\x84\xe5\x80\x8b\xe4\xba\xba\xe6\xbb\x91\xe6\x9d\xbf\xe9\xa2\xa8\xe4\xbb\x8d\xe4\xb8\x8d\xe6\x96\xb7\xe5\x9c\xb0\xe8\xbd\x89\xe8\xae\x8a\xef\xbc\x8c\xe8\xbf\x91\xe5\xb9\xb4\xe4\xbe\x86\xe5\xbe\x80\xe6\x96\xbc\xe5\x8f\xb0\xe5\x8c\x97\xe8\x88\x87\xe4\xb8\x8a\xe6\xb5\xb7\xef\xbc\x8c\xe7\x94\x9f\xe6\xb4\xbb\xe5\xa7\x8b\xe7\xb5\x82\xe4\xbb\xa5\xe6\xbb\x91\xe6\x9d\xbf\xe7\x82\xba\xe6\xa0\xb8\xe5\xbf\x83\xe3\x80\x82\xe5\x8d\xb3\xe4\xbd\xbf\xe6\xad\xb7\xe7\xb6\x93\xe6\xbb\x91\xe6\x9d\xbf\xe4\xba\xba\xe6\x9c\x80\xe5\xae\xb3\xe6\x80\x95\xe7\x9a\x84\xe8\x86\x9d\xe8\x93\x8b\xe9\x9f\x8c\xe5\xb8\xb6\xe9\x87\x8d\xe5\x82\xb7\xef\xbc\x8c\xe4\xbb\x96\xe5\x9c\xa8\xe5\xba\xb7\xe5\xbe\xa9\xe5\xbe\x8c\xe6\x8c\x81\xe7\xba\x8c\xe8\xaa\xbf\xe6\x95\xb4\xe8\x87\xaa\xe5\xb7\xb1 ...'
b'\xe4\xb8\x80\xe8\xb5\xb7\xe4\xbe\x86\xe4\xba\x86\xe8\xa7\xa3Red Bull Skate Generation \xe5\x92\x8c\xe7\xa2\x97\xe6\xb1\xa0\xe6\xbb\x91\xe6\x9d\xbf\xe9\xa2\xa8\xe6\xa0\xbc\xe7\x9a\x84\xe9\xa3\x86 ...',b'https://www.redbull.com/tw-zh/red-bull-skate-generation',b'\xe5\xbe\x9e2010 \xe5\xb9\xb4\xe8\x87\xb3\xe4\xbb\x8a\xef\xbc\x8c\xe6\xaf\x8f\xe4\xb8\x80\xe5\xb1\x86\xe7\x9a\x84Red Bull Skate Generation\xe5\x90\x91\xe4\xbe\x86\xe6\x98\xaf\xe5\xb7\xb4\xe8\xa5\xbf\xe4\xbd\x9b\xe7\xbe\x85\xe5\xae\x89\xe9\x82\xa3\xe6\xb3\xa2\xe9\x87\x8c\xe5\xb3\xb6\xe6\xa5\xb5\xe5\x8f\x97\xe6\xad\xa1\xe8\xbf\x8e\xe7\x9a\x84\xe6\xbb\x91\xe6\x9d\xbf\xe7\x9b\x9b\xe6\x9c\x83\xef\xbc\x8c\xe4\xb9\x9f\xe6\x98\xaf\xe4\xbd\xa0\xe8\x83\xbd\xe7\x9c\x8b\xe8\xa6\x8b\xe4\xb8\x8d\xe5\x90\x8c\xe7\xa2\x97\xe6\xb1\xa0\xe7\x8e\xa9\xe6\xb3\x95\xe7\x9a\x84\xe7\x8d\xa8\xe7\x89\xb9\xe6\xb4\xbb\xe5\x8b\x95\xe4\xb9\x8b\xe4\xb8\x80\xe3\x80\x82'
b'\xe8\x8b\x97\xe6\xa0\x97\xe9\x80\x9a\xe9\x9c\x84\xe5\x9c\xa8\xe5\x9c\xb0\xe5\x9b\x9d\xe4\xbb\x94\xef\xbc\x9a\xe6\xbb\x91\xe6\x9d\xbf\xe6\xb9\x9b\xe6\x8a\x80\xe4\xb9\x8b\xe9\x99\xb3\xe4\xbf\x8a\xe5\xae\x89\xe5\xb0\x88\xe8\xa8\xaa',b'https://www.redbull.com/tw-zh/taiwan-local-skater-adam-chen-interview',b'\xe4\xbe\x86\xe8\x87\xaa\xe8\x8b\x97\xe6\xa0\x97\xe9\x80\x9a\xe9\x9c\x84\xef\xbc\x8c\xe9\x99\xb3\xe4\xbf\x8a\xe5\xae\x89\xe5\xbe\x9e\xe5\x8d\x81\xe6\xad\xb2\xe6\x8e\xa5\xe8\xa7\xb8\xe6\xbb\x91\xe6\x9d\xbf\xe8\x87\xb3\xe4\xbb\x8a\xe5\xb7\xb2\xe6\x9c\x89\xe5\x8d\x81\xe4\xb8\x83\xe5\xb9\xb4\xef\xbc\x8c\xe6\x9b\xbe\xe8\x87\xb3\xe7\xbe\x8e\xe5\x9c\x8b\xe5\x8f\x83\xe5\x8a\xa0Tampa AM\xe6\xbb\x91\xe6\x9d\xbf\xe5\xa4\xa7\xe8\xb3\xbd\xef\xbc\x8c\xe9\x80\x80\xe4\xbc\x8d\xe5\xbe\x8c\xe6\x9b\xbe\xe6\x96\xbc\xe5\x8f\xb0\xe5\x8c\x97\xe5\xbe\x9e\xe4\xba\x8b\xe9\x80\x9a\xe8\xa8\x8a\xe6\xa5\xad\xef\xbc\x8c\xe4\xb8\x8a\xe7\x8f\xad\xe6\x97\x8f\xe7\x9a\x84\xe4\xbb\x96\xe4\xb9\x9f\xe6\x98\xaf\xe5\x8f\xb0\xe7\x81\xa3\xe5\xb0\x91\xe6\x95\xb8\xe7\x9a\x84\xe8\x81\xb7\xe6\xa5\xad\xe6\xbb\x91\xe6\x9d\xbf\xe9\x81\xb8\xe6\x89\x8b\xe3\x80\x82'
b'\xe7\x90\xa2\xe7\xa3\xa8\xe5\x85\xa8\xe6\x96\xb9\xe4\xbd\x8d\xe6\x9d\xbf\xe6\x8a\x80\xe7\x9a\x84\xe5\xa5\xbd\xe6\x89\x80\xe5\x9c\xa8\xef\xbc\x9a\xe5\x8f\xb0\xe7\x81\xa3\xe6\xbb\x91\xe6\x9d\xbf\xe5\x85\xac\xe5\x9c\x92\xe5\xa4\xa7\xe7\x89\xb9\xe6\x90\x9c',b'https://www.redbull.com/tw-zh/skateparks-in-taiwan',b'\xe4\xba\xa4\xe9\x80\x9a\xe6\x96\xb9\xe5\xbc\x8f\xef\xbc\x9a\xe8\x87\xb3\xe5\x8f\xb0\xe4\xb8\xad\xe7\x81\xab\xe8\xbb\x8a\xe7\xab\x99\xe7\x9a\x84\xe6\xb0\x91\xe6\x97\x8f\xe8\xb7\xaf\xe5\x8f\xa3\xe7\xab\x99\xe6\x90\xad\xe4\xb9\x98\xe8\xb1\x90\xe5\x8e\x9f\xe5\xae\xa2\xe9\x81\x8b202\xe3\x80\x81270 \xe8\xb7\xaf\xe5\x85\xac\xe8\xbb\x8a\xe8\x87\xb3\xe3\x80\x8c\xe6\x84\x9b\xe5\xbf\x83\xe5\xae\xb6\xe5\x9c\x92\xe9\x86\xab\xe5\x8b\x99\xe5\xae\xa4\xe3\x80\x8d\xe7\xab\x99\xe4\xb8\x8b\xe8\xbb\x8a\xef\xbc\x9b\xe6\x88\x96\xe6\x98\xaf\xe6\xad\xa5\xe8\xa1\x8c\xe8\x87\xb3\xe5\x8f\xb0\xe4\xb8\xad\xe7\x81\xab\xe8\xbb\x8a\xe7\xab\x99\xe5\xa4\x96\xe7\x9a\x84\xe5\xa4\xa7\xe6\x99\xba\xe5\x8c\x97\xe8\xb7\xaf\xe5\x8f\xa3\xe6\x90\xad\xe4\xb9\x98\xe4\xb8\xad\xe9\xb9\xbf\xe5\xae\xa2\xe9\x81\x8b52\xe5\x89\xaf\xe7\xb7\x9a\xe3\x80\x81 ...'
b'\xe8\xbf\x91\xe6\xb3\x81\xe6\x9b\xb4\xe6\x96\xb0\xef\xbc\x9aRyan Sheckler \xe5\xb0\x88\xe8\xa8\xaa',b'https://www.redbull.com/tw-zh/ryan-sheckler-catch-up',"b""Ryan Sheckler poses for a portrait at a Sheckler Foundation 'Be The Change' event. \xc2\xa9 Robby Klein/Red Bull Content Pool. \xe6\xbb\x91\xe6\x9d\xbf\xe9\x81\x8b\xe5\x8b\x95. \xe8\xbf\x91\xe6\xb3\x81\xe6\x9b\xb4\xe6\x96\xb0\xef\xbc\x9aRyan ..."""
b'\xe6\xbb\x91\xe6\x9d\xbf\xe5\xb0\xb1\xe5\x8f\xaa\xe8\x83\xbd\xe6\x98\xaf\xe6\xbb\x91\xe6\x9d\xbf\xef\xbc\x9f\xe6\x95\x99\xe4\xbd\xa0\xe7\x94\xa8\xe6\xbb\x91\xe6\x9d\xbf\xe7\xb7\xb4\xe5\xa5\xbd\xe6\xa0\xb8\xe5\xbf\x83\xe8\x82\x8c\xe7\xbe\xa4\xe7\x9a\x84\xe5\x85\xad\xe5\x80\x8b\xe8\xa8\x93\xe7\xb7\xb4\xe5\x8b\x95\xe4\xbd\x9c',b'https://www.redbull.com/tw-zh/%E7%94%A8%E6%BB%91%E6%9D%BF%E7%B7%B4%E5%87%BA%E5%BC%B7%E5%A3%AF%E6%A0%B8%E5%BF%83%E8%82%8C%E7%BE%A4%E7%9A%84%E5%85%AD%E5%80%8B%E5%8B%95%E4%BD%9C',b'\xe6\x93\x8d\xe4\xbd\x9c\xe6\x96\xb9\xe5\xbc\x8f\xef\xbc\x9a\xe5\x85\x88\xe8\xba\xab\xe9\xab\x94\xe7\xab\x99\xe7\x9b\xb4\xe5\x85\xa9\xe8\x85\xb3\xe4\xbd\xb5\xe6\x94\x8f\xe6\x88\x96\xe8\x88\x87\xe8\x82\xa9\xe5\x90\x8c\xe5\xaf\xac\xef\xbc\x8c\xe4\xb8\x80\xe8\x85\xb3\xe5\xbe\x80\xe5\x89\x8d\xe8\xb7\xa8\xe5\xa4\xa7\xe6\xad\xa5\xe4\xb8\xa6\xe4\xbf\x9d\xe6\x8c\x81\xe8\x83\x8c\xe9\x83\xa8\xe7\x9b\xb4\xe7\xab\x8b\xef\xbc\x8c\xe5\xbe\x8c\xe8\x85\xb3\xe6\x94\xbe\xe7\xbd\xae\xe6\x96\xbc\xe6\xbb\x91\xe6\x9d\xbf\xe4\xb8\x8a\xef\xbc\x8c\xe6\x8e\xa5\xe8\x91\x97\xe5\x90\x91\xe5\xbe\x8c\xe7\xa7\xbb\xe5\x8b\x95\xe6\xbb\x91\xe6\x9d\xbf\xe5\xbd\x8e\xe6\x9b\xb2\xe5\x89\x8d\xe6\x96\xb9\xe8\x86\x9d\xe8\x93\x8b\xef\xbc\x8c\xe5\x89\x8d\xe8\x85\xbf\xe7\xb6\xad\xe6\x8c\x81\xe7\xa9\xa9\xe5\xae\x9a\xe4\xb8\x8d\xe5\x8b\x95\xe8\xba\xab\xe9\xab\x94\xe4\xb8\x8b\xe8\xb9\xb2\xef\xbc\x8c ...'
b'2020 \xe6\x9d\xb1\xe4\xba\xac\xe5\xa5\xa7\xe9\x81\x8b\xe4\xb9\x8b\xe7\xb5\x95\xe6\x8a\x80\xe5\x9b\x9e\xe9\xa1\xa7\xef\xbc\x9a\xe4\xb8\x80\xe9\xb3\xb4\xe9\xa9\x9a\xe4\xba\xba\xe7\x9a\x84\xe6\xbb\x91\xe6\x9d\xbf\xe7\xab\xb6\xe8\xb3\xbd\xe5\xbe\x8c\xe8\xa8\x98\xe3\x80\x90\xe4\xb8\x8b\xe7\xaf\x87\xe3\x80\x91',b'https://www.redbull.com/tw-zh/tokyo-olympics-2020-recap-2',b'\xe5\x85\xac\xe5\x9c\x92\xe8\xb3\xbd\xe8\x88\x87\xe8\xa1\x97\xe9\x81\x93\xe8\xb3\xbd\xe6\x9c\x80\xe9\xa1\xaf\xe8\x91\x97\xe7\x9a\x84\xe4\xb8\x8d\xe5\x90\x8c\xe4\xb9\x8b\xe8\x99\x95\xef\xbc\x8c\xe4\xbe\xbf\xe6\x98\xaf\xe5\x9b\xa0\xe5\xa0\xb4\xe5\x9c\xb0\xe9\xa1\x9e\xe5\x9e\x8b\xe5\xb7\xae\xe7\x95\xb0\xe4\xbd\xbf\xe5\xbe\x8c\xe8\x80\x85\xe4\xbb\xa5\xe7\xb7\x9a\xe6\x80\xa7\xe8\xb7\xaf\xe7\xb7\x9a\xe4\xbd\x9c\xe6\x8b\x9b\xe5\xbc\x8f\xe7\xb5\x84\xe5\x90\x88\xef\xbc\x8c\xe5\x89\x8d\xe8\x80\x85\xe5\x89\x87\xe6\x98\xaf\xe8\xbf\x91\xe4\xbc\xbc\xe8\xbf\xb4\xe5\x9c\x88\xe5\xbc\x8f\xe7\x9a\x84\xe8\xb7\xaf\xe7\xb7\x9a\xe3\x80\x82\xe6\x9d\xb1\xe4\xba\xac\xe5\xa5\xa7\xe9\x81\x8b\xe7\x9a\x84\xe5\x85\xac\xe5\x9c\x92\xe8\xb3\xbd\xe5\xa0\xb4\xe5\x9c\xb0\xe8\xa8\xad\xe8\xa8\x88\xe6\x98\xaf\xe4\xb8\x80\xe5\xba\xa7\xe5\xa4\xa7\xe7\xa2\x97\xe6\xb1\xa0\xe7\x82\xba ...'
b'\xe5\x8d\x83\xe9\x8c\x98\xe7\x99\xbe\xe9\x8d\x8a\xe7\x9a\x84\xe9\x81\xb8\xe6\x89\x8b\xe8\x81\xb7\xe6\xb6\xaf\xef\xbc\x9a\xe5\xb0\x88\xe8\xa8\xaaAdee\xe7\x9b\xa7\xe5\xbc\x98\xe6\x88\x90\xe8\xab\x87\xe6\xbb\x91\xe6\x9d\xbf\xe5\x9f\xb7\xe5\xbf\xb5',b'https://www.redbull.com/tw-zh/adee-lu-2017-interview',b'\xe4\xb8\x89\xe5\x8d\x81\xe8\x80\x8c\xe7\xab\x8b\xe7\x9a\x84\xe8\x81\xb7\xe6\xa5\xad\xe6\xbb\x91\xe6\x9d\xbf\xe9\x81\xb8\xe6\x89\x8b\xe7\x9b\xa7\xe5\xbc\x98\xe6\x88\x90\xef\xbc\x88Adee Lu\xef\xbc\x89\xef\xbc\x8c\xe5\xb9\xb3\xe6\x99\x82\xe4\xb8\x80\xe6\xb4\xbe\xe9\x9a\xa8\xe6\x80\xa7\xe7\x94\x9a\xe8\x87\xb3\xe5\x81\xb6\xe7\x88\xbe\xe7\xb5\xa6\xe4\xba\xba\xe4\xb8\x8d\xe5\x8f\xaf\xe4\xb8\x80\xe4\xb8\x96\xe7\x9a\x84\xe5\x8d\xb0\xe8\xb1\xa1\xef\xbc\x8c\xe5\xaf\xa6\xe9\x9a\x9b\xe4\xb8\x8a\xe5\x8d\xbb\xe5\xa7\x8b\xe7\xb5\x82\xe5\xbf\x83\xe6\x87\xb7\xe8\xac\x99\xe9\x81\x9c\xef\xbc\x8c\xe8\xaa\x8d\xe7\x82\xba\xe8\x87\xaa\xe5\xb7\xb1\xe4\xb8\xa6\xe9\x9d\x9e\xe5\xa4\xa9\xe6\x89\x8d\xe5\x9e\x8b\xe6\xbb\x91\xe6\x9d\xbf\xe9\x81\xb8\xe6\x89\x8b\xef\xbc\x8c\xe6\x96\xbc\xe6\x98\xaf\xe4\xbb\x98\xe5\x87\xba\xe7\x9a\x84 ...'
b'\xe8\xb6\x85\xe8\x84\xab\xe6\xbb\x91\xe6\x9d\xbf\xe6\x8a\x80\xe8\xa1\x93\xe7\x9a\x84\xe9\x96\xbe\xe9\x99\x90\xef\xbc\x9aRodney Mullen',b'https://www.redbull.com/tw-zh/rodney-mullen-liminal-2017-05-07',b'Rodney Mullen\xe5\x8f\xaf\xe8\xaa\xaa\xe6\x98\xaf\xe5\x85\xa8\xe4\xb8\x96\xe7\x95\x8c\xe5\x85\xac\xe8\xaa\x8d\xe6\x9c\x80\xe5\x85\xb7\xe5\xbd\xb1\xe9\x9f\xbf\xe5\x8a\x9b\xe7\x9a\x84\xe6\xbb\x91\xe6\x9d\xbf\xe5\x82\xb3\xe5\xa5\x87\xe4\xb9\x8b\xe4\xb8\x80\xef\xbc\x8c\xe7\x99\xbc\xe6\x98\x8e\xe8\xa8\xb1\xe5\xa4\x9a\xe6\xbb\x91\xe6\x9d\xbf\xe5\x9f\xba\xe7\xa4\x8e\xe6\x8b\x9b\xe5\xbc\x8f\xe8\xab\xb8\xe5\xa6\x82\xe5\xb9\xb3\xe5\x9c\xb0\xe8\xb1\x9a\xe8\xb7\xb3\xe3\x80\x81\xe8\x85\xb3\xe5\xb0\x96\xe7\xbf\xbb\xe6\x9d\xbf\xef\xbc\x88Kickflip\xef\xbc\x89\xe5\x92\x8c360 Flip\xe7\xad\x89\xe6\x8b\x9b\xe5\xbc\x8f\xe7\x9a\x84\xe6\xbb\x91\xe6\x9d\xbf\xe6\x8b\x9b\xe5\xbc\x8f\xe7\x99\xbc\xe6\x98\x8e\xe5\xae\xb6\xef\xbc\x9b ...'
b'\xe7\x8d\xa8\xe7\x89\xb9\xe7\x9a\x84\xe6\x9c\xac\xe6\x88\x91\xe5\xa4\x96\xe9\xa1\xaf\xef\xbc\x9aCl\xc3\xa9ment Zannini\xe8\x88\x87\xe4\xba\xba\xe5\xb7\xa5\xe8\x85\xb3\xe7\x9a\x84\xe5\x90\x88\xe4\xbd\x9c\xe7\x84\xa1\xe9\x96\x93',b'https://www.redbull.com/tw-zh/clement-zannini-the-skater-with-the-artificial-foot',b'\xe4\xbb\x96\xe5\xb0\xb1\xe6\x98\xaf\xe8\xa9\xb2\xe6\xad\xbb\xe7\x9a\x84\xe7\x86\xb1\xe6\x84\x9b\xe7\x8e\xa9\xe6\x9d\xbf\xef\xbc\x8c\xe5\x85\x88\xe5\xa4\xa9\xe7\x9a\x84\xe7\xbc\xba\xe9\x99\xb7\xe4\xb9\x9f\xe7\x84\xa1\xe6\xb3\x95\xe9\x98\xbb\xe7\xa4\x99\xe4\xbb\x96\xe5\xb0\x8d\xe6\xbb\x91\xe6\x9d\xbf\xe7\x9a\x84\xe7\x8b\x82\xe6\x84\x9b\xe3\x80\x82'
b'\xe5\x9f\xba\xe9\x9a\x86\xe7\x9a\x84\xe6\xbb\x91\xe6\x9d\xbf\xe5\xbe\xa9\xe8\x88\x88\xe9\x81\x8b\xe5\x8b\x95\xef\xbc\x9a\xe5\xa4\xa7\xe8\x82\x86\xe6\x8b\xbe\xe6\xbb\x91\xe6\x9d\xbf\xe5\xba\x97\xe5\xb0\x88\xe8\xa8\xaa',b'https://www.redbull.com/tw-zh/bigforty-skateshop-interview',b'\xe8\xbf\x91\xe4\xb8\x89\xe5\xb9\xb4\xe4\xbe\x86\xef\xbc\x8c\xe4\xb8\x96\xe7\x95\x8c\xe5\x90\x84\xe5\x9c\xb0\xe7\x9a\x84\xe8\x81\xb7\xe6\xa5\xad\xe6\xbb\x91\xe6\x9d\xbf\xe9\x81\xb8\xe6\x89\x8b\xe5\x89\x8d\xe4\xbe\x86\xe5\x8f\xb0\xe7\x81\xa3\xe6\x8b\x8d\xe6\x94\x9d\xe6\xbb\x91\xe6\x9d\xbf\xe5\xbd\xb1\xe7\x89\x87\xe7\x9a\x84\xe6\xac\xa1\xe6\x95\xb8\xe9\x80\x90\xe8\xa6\x8b\xe9\xa0\xbb\xe7\xb9\x81\xef\xbc\x8c\xe9\x99\xa4\xe4\xba\x86\xe5\x8f\xb0\xe5\x8c\x97\xef\xbc\x8c\xe9\x81\xb8\xe6\x89\x8b\xe5\x80\x91\xe5\x8f\xa6\xe4\xb8\x80\xe5\xb8\xb8\xe5\x8e\xbb\xe7\x9a\x84\xe5\x9f\x8e\xe5\xb8\x82\xe4\xbe\xbf\xe6\x98\xaf\xe5\x9f\xba\xe9\x9a\x86\xef\xbc\x8c\xe5\x9b\xa0\xe6\xad\xa4\xe6\xb5\xb7\xe6\xb4\x8b\xe5\xbb\xa3\xe5\xa0\xb4\xe3\x80\x81\xe5\xb7\xb2\xe8\xa2\xab\xe6\x8b\x86\xe9\x99\xa4\xe7\x9a\x84\xe8\x93\xae\xe8\x8a\xb1\xe7\xa2\x97\xe6\xb1\xa0\xe5\x92\x8c ...'
b'\xe5\xae\x9b\xe5\xa6\x82\xe5\xa4\xa9\xe7\x94\x9f\xe7\x9a\x84\xe6\xbb\x91\xe6\x9d\xbf\xe6\xb0\xa3\xe7\xa8\x9f\xef\xbc\x9a\xe4\xbd\x95\xe4\xbb\x81\xe5\x82\x91\xe5\xb0\x88\xe8\xa8\xaa',b'https://www.redbull.com/tw-zh/ho-8870-interview',b'\xe6\xbb\x91\xe6\x9d\xbf\xe6\x96\x87\xe5\x8c\x96\xe4\xb8\xad\xe7\x9a\x84\xe3\x80\x8cSkate and Destroy\xef\xbc\x88\xe7\x8e\xa9\xe6\x9d\xbf\xe5\xb0\xb1\xe6\x98\xaf\xe8\xa6\x81\xe7\xa0\xb4\xe5\xa3\x9e\xef\xbc\x89\xe3\x80\x8d\xef\xbc\x8c\xe9\x9b\x96\xe7\x84\xb6\xe5\x85\xb6\xe7\x9c\x9f\xe6\xad\xa3\xe6\x84\x8f\xe6\xb6\xb5\xe4\xb8\xa6\xe9\x9d\x9e\xe7\xa0\xb4\xe5\xa3\x9e\xe8\x80\x8c\xe6\x98\xaf\xe6\x95\xa2\xe6\x96\xbc\xe5\x98\x97\xe8\xa9\xa6\xef\xbc\x9b\xe4\xb8\x8d\xe9\x81\x8e\xe5\xb0\xb1\xe5\x80\x8b\xe4\xba\xba\xe8\xa7\x80\xe9\xbb\x9e\xe8\x80\x8c\xe8\xa8\x80\xef\xbc\x8c\xe4\xbd\xa0\xe8\xa6\xba\xe5\xbe\x97\xe5\xae\x83\xe6\x98\xaf\xe4\xbb\x80\xe9\xba\xbc\xe6\xa8\xa3\xe7\x9a\x84\xe7\xb2\xbe\xe7\xa5\x9e\xef\xbc\x9f \xe5\x87\xa1\xe8\xb5\xb0\xe9\x81\x8e\xe5\xbf\x85\xe7\x95\x99 ...'
b'\xe5\x8d\x81\xe5\x80\x8b\xe4\xba\xba\xe7\x94\x9f\xe5\xbf\x85\xe5\x8e\xbb\xe7\x9a\x84\xe6\xbb\x91\xe6\x9d\xbf\xe5\x9f\x8e\xe5\xb8\x82',b'https://www.redbull.com/tw-zh/top-10-skateboard-cities',b'\xe5\x8d\x81\xe5\x80\x8b\xe4\xba\xba\xe7\x94\x9f\xe5\xbf\x85\xe5\x8e\xbb\xe7\x9a\x84\xe6\xbb\x91\xe6\x9d\xbf\xe5\x9f\x8e\xe5\xb8\x82 \xc2\xb7 \xe6\xbb\x91\xe6\x9d\xbf\xe9\xba\xa5\xe5\x8a\xa0\xe8\x81\x96\xe5\x9c\xb0\xef\xbc\x9a\xe5\xb7\xb4\xe8\xb3\xbd\xe9\x9a\x86\xe7\xb4\x8d\xef\xbc\x88Barcelona\xef\xbc\x89 \xc2\xb7 \xe5\xa4\x8f\xe5\xa4\xa9\xe5\xbf\x85\xe8\xa8\xaa\xe7\x9a\x84\xe5\x9f\x8e\xe5\xb8\x82\xef\xbc\x9a\xe6\x9f\x8f\xe6\x9e\x97\xef\xbc\x88Berlin\xef\xbc\x89 \xc2\xb7 \xe6\xbb\x91\xe6\x9d\xbf\xe6\x96\x87\xe5\x8c\x96\xe7\x9a\x84\xe7\x99\xbc\xe6\xba\x90\xe5\x9c\xb0\xef\xbc\x9a\xe6\xb4\x9b\xe6\x9d\x89\xe7\xa3\xaf\xef\xbc\x88Los Angeles\xef\xbc\x89 \xc2\xb7 \xe4\xba\x9e\xe6\xb4\xb2 ...'
b'\xe6\x80\x8e\xe9\xba\xbc\xe5\x89\x8e\xe4\xbd\x8f\xe4\xb8\x8b\xe5\x9d\xa1\xe6\x99\x82\xe9\x80\x9f130\xe5\x85\xac\xe9\x87\x8c\xe7\x9a\x84\xe6\xbb\x91\xe6\x9d\xbf',b'https://www.redbull.com/tw-zh/erik-lundberg-on-how-to-stop-when-breaking-world-record',b'\xe9\x82\x84\xe6\x9c\x89\xe4\xb8\x80\xe7\xa8\xae\xe7\xa8\xb1\xe7\x82\xba\xe7\xa9\xba\xe4\xb8\xad\xe5\x89\x8e\xe8\xbb\x8a\xe7\x9a\x84\xe6\x96\xb9\xe5\xbc\x8f\xef\xbc\x8c\xe7\x94\xa8\xe6\x95\xb4\xe5\x80\x8b\xe8\xba\xab\xe9\xab\x94\xe7\x9a\x84\xe5\x8a\x9b\xe9\x87\x8f\xe4\xbe\x86\xe7\xb7\xa9\xe9\x80\x9f\xef\xbc\x8c\xe6\x8a\x8a\xe6\x9c\xac\xe4\xbe\x86\xe6\x8a\xb1\xe8\x86\x9d\xe5\xbe\xae\xe6\x9b\xb2\xe7\x9a\x84\xe8\xba\xab\xe9\xab\x94\xe6\xbc\xb8\xe6\xbc\xb8\xe7\xab\x99\xe7\x9b\xb4\xe3\x80\x82\xe9\xa6\x96\xe5\x85\x88\xef\xbc\x8c\xe6\x8a\x8a\xe6\x89\x8b\xe6\x94\xbe\xe9\x96\x8b\xef\xbc\x8c\xe4\xbc\xb8\xe5\x87\xba\xe5\x8e\xbb\xef\xbc\x8c\xe6\x9c\x80\xe5\xbe\x8c\xe6\x94\xbe\xe9\x96\x8b\xe6\x95\xb4\xe5\x80\x8b\xe8\x83\xb8\xe5\x8f\xa3\xe3\x80\x82 \xe5\xa6\x82\xe6\x9e\x9c\xe4\xbd\xa0\xe6\x83\xb3\xe8\xa6\x81\xe5\x9c\xa8\xe5\xb9\xbe\xe7\xa7\x92\xe5\x85\xa7 ...'
b'\xe4\xb8\x96\xe7\x95\x8c\xe5\xa5\xb3\xe5\xad\x90\xe6\xbb\x91\xe6\x9d\xbf\xe6\xad\xa3\xe5\xb4\x9b\xe8\xb5\xb7\xef\xbc\x9a\xe4\xb8\x8d\xe6\x96\xb7\xe5\x90\x91\xe5\x89\x8d\xe8\xb8\xa9\xe9\x80\xb2\xe7\x9a\x84\xe5\xa5\xb3\xe6\x80\xa7\xe6\xbb\x91\xe6\x9d\xbf\xe4\xba\xba',b'https://www.redbull.com/tw-zh/pushing-forward-skateboard-like-a-girl',b'70\xe5\xb9\xb4\xe4\xbb\xa3\xe6\x99\x82\xef\xbc\x8c\xe6\xbb\x91\xe6\x9d\xbf\xe9\xa6\x96\xe6\xac\xa1\xe6\x88\x90\xe7\x82\xba\xe4\xb8\x80\xe7\xa8\xae\xe6\xb5\x81\xe8\xa1\x8c\xe7\x9a\x84\xe8\xb1\xa1\xe5\xbe\xb5\xef\xbc\x8c\xe7\x95\xb6\xe6\x99\x82\xe5\xa5\xb3\xe6\x80\xa7\xe7\x9a\x84\xe5\x8f\x83\xe8\x88\x87\xe5\xba\xa6\xe4\xb9\x9f\xe7\x9b\xb8\xe5\xb0\x8d\xe8\xbc\x83\xe9\xab\x98\xe3\x80\x82\xe9\x9a\xa8\xe5\xbe\x8c\xe5\xb9\xbe\xe5\xb9\xb4\xe9\x96\x93\xef\xbc\x8c\xe6\xbb\x91\xe6\x9d\xbf\xe7\xa2\xba\xe5\xaf\xa6\xe9\x80\x90\xe6\xbc\xb8\xe8\xa2\xab\xe8\xa6\x96\xe7\x82\xba\xe4\xb8\x80\xe7\xa8\xae\xe7\x94\xb7\xe6\x80\xa7\xe7\x9a\x84\xe6\xb4\xbb\xe5\x8b\x95\xef\xbc\x8c\xe4\xb9\x9f\xe8\xa8\xb1\xe4\xbb\xa5\xe7\xb5\x95\xe5\xa4\xa7\xe9\x83\xa8\xe5\x88\x86\xe4\xbe\x86\xe8\xaa\xaa\xe6\x98\xaf\xe5\xa6\x82\xe6\xad\xa4\xe6\xb2\x92\xe9\x8c\xaf\xe3\x80\x82'
b'Red Bull Mind The Gap',b'https://www.redbull.com/tw-zh/events/red-bull-mind-the-gap',b'\xe6\xba\x90\xe8\x87\xaa\xe7\xbe\x8e\xe5\x9c\x8b\xe7\x9a\x84Red Bull Mind The Gap\xe5\x88\xb0\xe5\x8f\xb0\xe7\x81\xa3\xe5\x95\xa6\xef\xbc\x812021\xe5\xb9\xb4\xe5\x88\x9d\xe8\xa9\xa6\xe5\x95\xbc\xe8\x81\xb2\xef\xbc\x8c\xe5\x8f\xac\xe9\x9b\x86\xe4\xba\x86\xe8\xbf\x9160\xe5\x90\x8d\xe6\xbb\x91\xe6\x9d\xbf\xe5\xa5\xbd\xe6\x89\x8b\xe9\x96\x93\xe9\x9a\x99\xe5\xb0\xac\xe6\x8b\x9b\xe3\x80\x82'
b'\xe3\x80\x8a\xe6\xbb\x91\xe6\x9d\xbf\xe4\xb9\x8b\xe5\xbf\x83\xe3\x80\x8b\xe7\xba\x8c\xe8\x88\xaa\xe4\xba\x9e\xe6\xb4\xb2\xef\xbc\x9a\xe6\xb3\xb0\xe5\x9c\x8b\xe6\xbb\x91\xe6\x9d\xbf\xe4\xb9\x8b\xe6\x97\x85',b'https://www.redbull.com/tw-zh/skate-of-mind-thailand',b'\xe8\x8b\xa5\xe5\x88\xb0\xe6\x9b\xbc\xe8\xb0\xb7\xe7\x8e\xa9\xe6\x9d\xbf\xef\xbc\x8c\xe4\xbd\xa0\xe5\xbf\x85\xe5\xbe\x97\xe7\x86\x9f\xe6\x82\x89\xe4\xb8\x80\xe4\xb8\x8b\xe5\xbc\x95\xe9\xa0\x98\xe6\xb3\xb0\xe5\x9c\x8b\xe6\xbb\x91\xe6\x9d\xbf\xe6\x96\x87\xe5\x8c\x96\xe8\xb5\xb0\xe5\x90\x91\xe7\x9a\x84\xe9\x97\x9c\xe9\x8d\xb5\xe4\xba\xba\xe7\x89\xa9\xe8\x88\x87\xe6\x9d\xbf\xe9\xbb\x9e\xef\xbc\x9a Preduce\xe6\xbb\x91\xe6\x9d\xbf\xe5\xba\x97\xef\xbc\x88\xe4\xba\xa6\xe6\x98\xaf\xe5\x9c\xa8\xe5\x9c\xb0\xe6\xbb\x91\xe6\x9d\xbf\xe5\x93\x81\xe7\x89\x8c\xef\xbc\x89\xe3\x80\x81\xe6\xb3\xb0\xe5\x9c\x8b\xe8\xb3\x87\xe6\xb7\xb1\xe6\xbb\x91\xe6\x9d\xbf\xe9\x81\xb8\xe6\x89\x8bTao Kitpullap\xe8\x88\x87Geng ...'
b'\xe6\x94\xbe\xe4\xbd\x8e\xe8\xa6\x96\xe8\xa7\x92\xe7\x9a\x84\xe6\xbb\x91\xe6\x9d\xbf\xe6\x85\x8b\xe5\xba\xa6\xef\xbc\x9aMaxim Habanec',b'https://www.redbull.com/tw-zh/%E6%94%BE%E4%BD%8E%E8%A6%96%E8%A7%92%E7%9A%84%E6%BB%91%E6%9D%BF%E6%85%8B%E5%BA%A6%EF%BC%9Amaxim-habanec',b'\xe8\xac\x99\xe9\x81\x9c\xe4\xb9\x8b\xe4\xba\xba\xe8\x83\xbd\xe5\xae\x8c\xe5\x85\xa8\xe6\x8e\xa5\xe5\x8f\x97\xe4\xbb\x96\xe6\x89\x80\xe4\xb8\x8d\xe6\x87\x82/\xe4\xb8\x8d\xe6\x93\x85\xe9\x95\xb7\xe7\x9a\x84\xe4\xba\x8b\xe7\x89\xa9\xef\xbc\x8c\xe5\x96\xae\xe7\xb4\x94\xe5\x9c\xb0\xe8\xa9\xa6\xe5\x9c\x96\xe8\xae\x93\xe8\x87\xaa\xe5\xb7\xb1\xe5\x81\x9a\xe5\x88\xb0\xe6\x9c\x80\xe5\xa5\xbd\xe3\x80\x82\xe5\x88\xa5\xe5\x9b\xa0\xe7\x82\xba\xe8\x87\xaa\xe5\xb7\xb1\xe4\xbb\x80\xe9\xba\xbc\xe9\x83\xbd\xe4\xb8\x8d\xe6\x9c\x83\xe8\x80\x8c\xe9\xa9\x95\xe5\x82\xb2\xef\xbc\x9b\xe7\x9c\x9f\xe6\xad\xa3\xe5\x80\xbc\xe5\xbe\x97\xe9\xa9\x95\xe5\x82\xb2\xe7\x9a\x84\xe6\x98\xaf\xef\xbc\x8c\xe4\xbd\xa0\xe7\x9b\xa1\xe5\x85\xa8\xe5\x8a\x9b\xe4\xb9\x9f\xe4\xb8\x8d\xe8\xae\x93\xe8\x87\xaa\xe5\xb7\xb1\xe6\x88\x90\xe7\x82\xba ...'
b'\xe9\x9b\xaa\xe6\xa2\xa8\xe6\x9d\xbf\xe6\xa5\x8a\xe6\xbb\xbf\xe6\xbb\xbf\xe6\x98\xaf\xef\xbc\x9a\xe6\xbe\xb3\xe6\xb4\xb2\xe6\xbb\x91\xe6\x9d\xbf\xe6\x96\x87\xe5\x8c\x96\xe9\x80\xb2\xe6\x93\x8a\xe5\xa4\xa7\xe5\xad\xb8\xe6\xa0\xa1\xe5\x9c\x92',b'https://www.redbull.com/tw-zh/first-full-scholarship-for-skateboarding',b'\xe6\xbb\x91\xe6\x9d\xbf\xe6\xad\xa3\xe5\xbc\x8f\xe5\x88\x97\xe5\x85\xa52020\xe5\xb9\xb4\xe6\x9d\xb1\xe4\xba\xac\xe5\xa5\xa7\xe9\x81\x8b\xe7\x9a\x84\xe7\xab\xb6\xe8\xb3\xbd\xe9\xa0\x85\xe7\x9b\xae\xe5\xbe\x8c\xef\xbc\x8c\xe5\x85\xa8\xe7\x90\x83\xe5\x90\x84\xe5\x80\x8b\xe5\x9c\x8b\xe5\xae\xb6\xe5\xbd\xb7\xe5\xbd\xbf\xe4\xb9\x9f\xe8\xa2\xab\xe5\x96\x9a\xe9\x86\x92\xe4\xba\x86\xe7\xa8\xae\xe5\xad\x90\xe8\x98\x8a\xe9\xa4\x8a\xe7\x9a\x84\xe4\xbd\xbf\xe5\x91\xbd\xef\xbc\x8c\xe4\xbd\x9c\xe7\x82\xba\xe4\xb8\x80\xe5\x80\x8b\xe6\xbb\x91\xe6\x9d\xbf\xe6\x96\x87\xe5\x8c\x96\xe6\xa0\xb9\xe6\xb7\xb1\xe8\x92\x82\xe5\x9b\xba\xe8\xbf\x91\xe5\x9b\x9b\xe5\x8d\x81\xe5\xb9\xb4\xe7\x9a\x84\xe6\xbe\xb3\xe6\xb4\xb2\xef\xbc\x8c\xe5\xb0\x8d\xe6\x96\xbc\xe5\x9f\xb9\xe8\x82\xb2\xe6\xbb\x91\xe6\x9d\xbf\xe9\x81\xb8\xe6\x89\x8b\xe4\xb8\x89 ...'
b'\xe6\xbb\x91\xe6\x9d\xbf\xe5\x85\x84\xe5\xbc\x9f\xe6\x83\x85\xe7\xac\xac\xe4\xba\x8c\xe9\x9b\x86\xef\xbc\x9aShecklers\xe4\xb8\x89\xe5\x85\x84\xe5\xbc\x9f\xe4\xb9\x8b\xe6\x9c\x89\xe6\xa8\xa3\xe5\xad\xb8\xe6\xa8\xa3',b'https://www.redbull.com/tw-zh/skateboarding-brothers-the-shecklers',b'\xe5\x8f\xaa\xe8\xa6\x81\xe7\x9c\x8b\xe8\xa6\x8b\xe4\xbb\x96\xe5\x80\x91\xe4\xb8\x89\xe4\xba\xba\xe4\xb8\x80\xe8\xb5\xb7\xe5\x9c\xa8\xe5\x9f\x8e\xe8\xa3\xa1\xe5\x87\xba\xe7\x8f\xbe\xef\xbc\x8c\xe8\xb7\x9f\xe8\x91\x97\xe4\xbb\x96\xe5\x80\x91\xe4\xb8\x80\xe8\xb5\xb7\xe5\x8e\xbb\xe7\x8e\xa9\xe6\x9d\xbf\xef\xbc\x8c\xe5\xb0\xb1\xe8\x83\xbd\xe4\xb8\x80\xe7\x9d\xb9\xe5\xae\xb6\xe6\x97\x8f\xe5\x90\x8d\xe8\x99\x9f\xe4\xb8\xa6\xe9\x9d\x9e\xe6\xb5\xaa\xe5\xbe\x97\xe8\x99\x9b\xe5\x90\x8d\xe3\x80\x82\xe7\xac\xac\xe4\xba\x8c\xe9\x9b\x86\xe7\x9a\x84\xe3\x80\x8a\xe6\xbb\x91\xe6\x9d\xbf\xe5\x85\x84\xe5\xbc\x9f\xe6\x83\x85\xe3\x80\x8b\xe8\xae\x93\xe4\xba\xba\xe6\xb3\xa8\xe6\x84\x8f\xe5\x88\xb0\xe8\xa6\xaa\xe5\x85\x84\xe5\xbc\x9f\xe4\xb9\x8b\xe9\x96\x93\xe8\x87\xaa\xe7\x84\xb6\xe8\x80\x8c\xe7\x84\xb6\xe5\x9c\xb0\xe4\xba\x92\xe7\x9b\xb8\xe7\xab\xb6\xe6\x8a\x80\xe8\x88\x87 ...'
b'\xe5\xae\x9a\xe6\xa0\xbc\xe7\x9e\xac\xe9\x96\x93\xef\xbc\x9aAdee Lu\xe7\x9a\x84\xe6\xa5\xb5\xe8\x87\xb4\xe7\xbf\xbb\xe6\x9d\xbf',b'https://www.redbull.com/tw-zh/photo-of-the-week-adee-lu',b'\xe5\xb9\xb3\xe6\x97\xa5\xe5\xb0\xb1\xe5\x96\x9c\xe6\xad\xa1\xe5\x9b\x9b\xe8\x99\x95\xe5\xb0\x8b\xe7\x8d\xb5\xe6\x9d\xbf\xe9\xbb\x9e\xe7\x9a\x84\xe6\x98\xa5\xe7\x94\xb0\xe5\x81\xa5\xe4\xba\x8c\xef\xbc\x8c\xe5\x9c\xa8\xe5\x8f\xb0\xe5\x8c\x97\xe5\x9f\x8e\xe5\xb8\x82\xe7\x9a\x84\xe6\xb2\xb3\xe6\xbf\xb1\xe5\x85\xac\xe5\x9c\x92\xe4\xb8\x80\xe8\xa7\x92\xe7\x99\xbc\xe7\x8f\xbe\xe9\x90\xb5\xe6\xac\x84\xe5\x89\x8d\xe5\xbe\x8c\xe4\xb9\x9f\xe8\x83\xbd\xe5\x8f\x96\xe6\x99\xaf\xef\xbc\x8c\xe7\x95\xb6\xe6\x94\x9d\xe5\xbd\xb1\xe5\xb8\xab\xe7\x9a\x84\xe9\x8a\xb3\xe7\x9c\xbc\xe7\x99\xbc\xe7\x8f\xbe\xe8\x83\xbd\xe8\x88\x87\xe6\xbb\x91\xe6\x9d\xbf\xe5\xae\x8c\xe7\xbe\x8e\xe8\x9e\x8d\xe7\x82\xba\xe4\xb8\x80\xe6\x99\xaf\xe7\x9a\x84\xe6\x9d\xbf\xe9\xbb\x9e\xef\xbc\x8c\xe5\x8f\xa6\xe4\xb8\x80\xe4\xb8\x8d\xe5\x8f\xaf\xe6\x88\x96\xe7\xbc\xba\xe7\x9a\x84 ...'
b'\xe8\xa1\x97\xe6\xbb\x91\xe6\xad\x8c\xe5\x96\xae\xe9\xa1\xaf\xe9\xa2\xa8\xe6\xa0\xbc\xef\xbc\x9a\xe5\x8f\xb0\xe7\x81\xa3Adee\xe8\x88\x87\xe6\x8d\xb7\xe5\x85\x8bMaxim Habanec',b'https://www.redbull.com/tw-zh/maxim-adee-skate-playlist',b'\xe4\xbd\xa0\xe7\x8e\xa9\xe6\x9d\xbf\xe6\x99\x82\xe9\x83\xbd\xe8\x81\xbd\xe4\xba\x9b\xe4\xbb\x80\xe9\xba\xbc\xe6\xad\x8c\xe5\x91\xa2\xef\xbc\x9f\xe6\x98\xaf\xe6\xbb\x91\xe6\x9d\xbf\xe5\xbd\xb1\xe7\x89\x87\xe8\xa3\xa1\xe7\x9a\x84\xe9\x85\x8d\xe6\xa8\x82\xe6\xad\x8c\xe6\x9b\xb2\xe9\x82\x84\xe6\x98\xaf\xe8\x87\xaa\xe5\xb7\xb1\xe7\xb2\xbe\xe5\xbf\x83\xe6\x8c\x91\xe9\x81\xb8\xe9\x9f\xb3\xe6\xa8\x82\xef\xbc\x9f\xe4\xb8\x80\xe8\xb5\xb7\xe4\xbe\x86\xe8\x81\xbd\xe5\x80\x8b\xe6\xad\x8c\xef\xbc\x8c\xe9\xa0\x86\xe4\xbe\xbf\xe7\xb7\xa8\xe8\xa3\xbd\xe5\x80\x8b\xe4\xbb\xa4\xe8\x87\xaa\xe5\xb7\xb1\xe5\xbf\x83\xe7\xa5\x9e\xe6\x84\x89\xe6\x82\x85\xe7\x9a\x84\xe8\xa1\x97\xe6\xbb\x91\xe6\xad\x8c\xe5\x96\xae\xe5\x90\xa7\xe3\x80\x82'
b'\xe7\xb4\x90\xe7\xb4\x84\xe7\x9a\x84\xe6\xbb\x91\xe6\x9d\xbf\xe5\x9c\xb0\xe6\x99\xaf\xef\xbc\x9a\xe6\x94\x9d\xe5\xbd\xb1\xe5\xb8\xabTom Colabraro\xe5\xb0\x88\xe8\xa8\xaa',b'https://www.redbull.com/tw-zh/videofolio-tom-colabraro-brings-us-skating-in-nyc',b'\xe7\xb4\x90\xe7\xb4\x84\xe7\x9a\x84\xe6\xbb\x91\xe6\x9d\xbf\xe5\x9c\xb0\xe6\x99\xaf\xef\xbc\x9a\xe6\x94\x9d\xe5\xbd\xb1\xe5\xb8\xabTom Colabraro\xe5\xb0\x88\xe8\xa8\xaa \xc2\xb7 \xe7\xbe\x8e\xe5\x9c\x8b\xe7\xb4\x90\xe7\xb4\x84\xe5\xb8\x82\xe5\x90\x91\xe4\xbe\x86\xe9\x83\xbd\xe6\x98\xaf\xe6\xbb\x91\xe6\x9d\xbf\xe4\xba\xba\xe7\x86\xb1\xe8\xa1\xb7\xe5\x8f\x96\xe6\x99\xaf\xe6\x8b\x8d\xe6\x94\x9d\xe6\xbb\x91\xe6\x9d\xbf\xe5\xbd\xb1\xe7\x89\x87\xe7\x9a\x84\xe5\x9f\x8e\xe5\xb8\x82\xef\xbc\x8c\xe6\x9c\x89\xe8\xaa\xb0\xe4\xb8\x8d\xe6\x84\x9b\xe5\x91\xa2\xef\xbc\x9f \xc2\xb7 \xe6\x88\x91\xe5\x9c\x9f\xe7\x94\x9f\xe5\x9c\x9f\xe9\x95\xb7\xe6\x96\xbc\xe7\xb4\x90\xe6\xbe\xa4\xe8\xa5\xbf\xe5\x8c\x97\xe9\x83\xa8\xef\xbc\x8c\xe7\x8f\xbe\xe5\x9c\xa8\xe5\x89\x87\xe5\xae\x9a\xe5\xb1\x85 ...'
b'\xe3\x80\x8a\xe6\xbb\x91\xe6\x9d\xbf\xe4\xb9\x8b\xe5\xbf\x83\xe3\x80\x8b\xe4\xbf\x84\xe7\xbe\x85\xe6\x96\xaf\xe7\xaf\x87\xe4\xb8\x8a\xe9\x9b\x86',b'https://www.redbull.com/tw-zh/videos/%E3%80%8A%E6%BB%91%E6%9D%BF%E4%B9%8B%E5%BF%83%E3%80%8B%E4%BF%84%E7%BE%85%E6%96%AF%E7%AF%87%E4%B8%8A%E9%9B%86',b'\xe3\x80\x8a\xe6\xbb\x91\xe6\x9d\xbf\xe4\xb9\x8b\xe5\xbf\x83\xe3\x80\x8b\xe4\xbf\x84\xe7\xbe\x85\xe6\x96\xaf\xe7\xaf\x87\xe4\xb8\x8a\xe9\x9b\x86.'
b'\xe4\xb8\x8a\xe5\xb1\xb1\xe4\xb8\x8b\xe6\xb5\xb7\xe7\x9a\x84\xe9\xab\x94\xe9\x81\xa9\xe8\x83\xbd\xe6\xa5\xb5\xe9\x99\x90\xef\xbc\x9a\xe5\x8e\x84\xe7\x93\x9c\xe5\xa4\x9a\xe6\xbb\x91\xe6\x9d\xbf\xe4\xb9\x8b\xe6\x97\x85',b'https://www.redbull.com/tw-zh/skate-ecuador-and-galapagos',"b'\xe5\x89\x8d\xe5\xbe\x80\xe6\xb5\xb7\xe6\x8b\x94\xe9\xab\x98\xe9\x81\x942,850\xe5\x85\xac\xe5\xb0\xba\xe7\x9a\x84\xe5\x9f\xba\xe5\xa4\x9a\xe5\x8f\xa4\xe5\x9f\x8e\xe7\x8e\xa9\xe6\x9d\xbf\xe6\x9c\x80\xe9\x9c\x80\xe8\xa6\x81\xe6\xb3\xa8\xe6\x84\x8f\xe7\x9a\x84\xe6\x98\xaf\xe4\xbb\x80\xe9\xba\xbc\xe5\x91\xa2\xef\xbc\x9f\xe6\xb2\x92\xe9\x8c\xaf\xef\xbc\x8c\xe5\xb0\xb1\xe6\x98\xaf\xe8\xaa\xbf\xe6\x95\xb4\xe4\xbd\xa0\xe7\x9a\x84\xe5\x91\xbc\xe5\x90\xb8\xe3\x80\x82\xe6\x94\x9d\xe5\xbd\xb1\xe5\xb8\xabSam McGuire\xe7\x82\xba\xe9\x81\xb8\xe6\x89\x8b\xe5\x80\x91\xe6\x8b\x8d\xe6\x94\x9d\xe7\x9a\x84\xe6\xaf\x8f\xe5\xbc\xb5\xe7\x85\xa7\xe7\x89\x87\xe7\x9c\x8b\xe8\xb5\xb7\xe4\xbe\x86\xe6\x8b\x9b\xe6\x8b\x9b\xe9\x83\xbd\xe5\xb8\xa5\xe6\xb0\xa3\xe9\x80\xbc\xe4\xba\xba\xef\xbc\x8c ...'"
b'\xe6\xbb\x91\xe6\x9d\xbf\xe6\x89\x8b\xe7\xb7\xa0\xe9\x80\xa0\xe6\x99\x82\xe9\x80\x9f130\xe5\x85\xac\xe9\x87\x8c\xe6\x96\xb0\xe7\xb4\x80\xe9\x8c\x84',b'https://www.redbull.com/tw-zh/erik-lundberg-breaks-record-for-downhill-skateboard',b'\xe6\xbb\x91\xe6\x9d\xbf\xe6\x89\x8b\xe7\xb7\xa0\xe9\x80\xa0\xe6\x99\x82\xe9\x80\x9f130\xe5\x85\xac\xe9\x87\x8c\xe6\x96\xb0\xe7\xb4\x80\xe9\x8c\x84. \xe5\xb0\x8dEric Lundberg\xe8\x80\x8c\xe8\xa8\x80\xef\xbc\x8c\xe6\x89\x93\xe7\xa0\xb4\xe4\xb8\x96\xe7\x95\x8c\xe7\xb4\x80\xe9\x8c\x84\xe5\x85\xa8\xe6\x98\xaf\xe7\x82\xba\xe4\xba\x86\xe6\x88\x90\xe7\x82\xba\xe7\x9c\xbe\xe4\xba\xba\xe7\x84\xa6\xe9\xbb\x9e\xe3\x80\x82'
b'Maxim Habanec\xe7\x9a\x84\xe6\xbb\x91\xe6\x9d\xbf\xe4\xb9\x8b\xe5\xbf\x83\xe5\x9b\x9e\xe6\xad\xb8\xef\xbc\x9a\xe9\xa6\x96\xe9\x96\x8b\xe7\xac\xac\xe4\xb8\x80\xe9\x9b\x86\xe5\x8f\xb0\xe7\x81\xa3\xe7\xab\x99',b'https://www.redbull.com/tw-zh/skate-of-mind-taiwan-chapter-1',b'Skate Of Mind Taiwan \xc2\xb7 \xe6\x98\xaf\xe6\x8d\xb7\xe5\x85\x8b\xe6\xbb\x91\xe6\x9d\xbf\xe9\x81\xb8\xe6\x89\x8bMaxim Habanec\xe8\x87\xaa\xe5\x8e\xbb\xe5\xb9\xb4\xe9\x96\x8b\xe5\xa7\x8b\xe7\x9a\x84\xe6\xbb\x91\xe6\x9d\xbf\xe5\x86\x92\xe9\x9a\xaa\xe8\xa8\x88\xe7\x95\xab\xef\xbc\x8c\xe7\xac\xac\xe4\xb8\x80\xe5\xad\xa3\xe7\x9a\x84\xe6\xbb\x91\xe6\x9d\xbf\xe7\x89\x88\xe5\x9c\x96\xe7\x9a\x86\xe7\x9b\xa4\xe6\x97\x8b\xe6\x96\xbc\xe6\xad\x90\xe9\x99\xb8\xe7\x9a\x84\xe5\x9f\x8e\xe5\xb8\x82\xe3\x80\x82 \xc2\xb7 \xe6\xad\xa4\xe6\xac\xa1\xe4\xb9\x9f\xe5\x8a\xa0\xe5\x85\xa5\xe3\x80\x8a\xe6\xbb\x91\xe6\x9d\xbf\xe4\xb9\x8b\xe5\xbf\x83\xe3\x80\x8b\xe5\x8f\xb0\xe7\x81\xa3\xe7\xab\x99 ...'
b'\xe6\xbb\x91\xe6\x9d\xbf\xe5\x9b\x9e\xe6\x86\xb6\xe7\x94\x9c\xe8\x9c\x9c\xe8\x9c\x9c\xe4\xb9\x8b\xe4\xbf\x9d\xe5\x8a\xa0\xe5\x88\xa9\xe4\xba\x9e',b'https://www.redbull.com/tw-zh/%E6%BB%91%E6%9D%BF%E5%9B%9E%E6%86%B6%E7%94%9C%E8%9C%9C%E8%9C%9C%E4%B9%8B%E4%BF%9D%E5%8A%A0%E5%88%A9%E4%BA%9E',b'\xe6\x9b\xb4\xe5\x83\x8f\xe5\xa6\x82\xe6\xad\xa4 ... Real\xe9\x9a\x8a\xe8\xa3\xa1\xe7\x9a\x84\xe6\xad\xa3\xe6\xb8\xaf\xe4\xba\x9e\xe5\x88\xa9\xe6\xa1\x91\xe9\x82\xa3\xe6\xb2\x99\xe6\xbc\xa0\xe6\xbb\x91\xe6\x9d\xbf\xe4\xba\xba\xef\xb9\xa3Robbie Brockel\xe3\x80\x82 ... \xe4\xbe\x86\xe8\x87\xaa\xe5\xbe\xb7\xe5\x9c\x8b\xef\xbc\x8c\xe6\x8a\x80\xe5\xb7\xa7\xe5\x87\xba\xe7\xa5\x9e\xe5\x85\xa5\xe5\x8c\x96\xe7\x9a\x84Vladik Scholz \xe6\xad\xa3\xe5\xbc\x8f\xe6\x96\xbc2014\xe5\xb9\xb4\xe5\x8a\xa0\xe5\x85\xa5Red Bull\xe6\xbb\x91\xe6\x9d\xbf\xe9\x9a\x8a\xe5\x90\x8d\xe5\x86\x8a\xe3\x80\x82'
b'\xe5\xb7\xa1\xe6\xaa\xa2\xe6\x99\x82\xe9\x96\x93\xef\xbc\x9a\xe5\xbe\xb7\xe5\x9c\x8b\xe6\xbb\x91\xe6\x9d\xbf\xe6\x97\x85\xe4\xba\xbaFlorian Westers',b'https://www.redbull.com/tw-zh/checkout-florian-westers-skateboard-video-part',b'\xe6\xbb\x91\xe6\x9d\xbf\xe5\xa0\xb4\xef\xbc\x8f\xe6\xbb\x91\xe6\x9d\xbf\xe5\x85\xac\xe5\x9c\x92\xe6\x98\xaf\xe5\xa1\x91\xe9\x80\xa0\xe9\x80\x99\xe5\x80\x8b\xe6\x96\x87\xe5\x8c\x96\xe7\x9a\x84\xe9\x87\x8d\xe8\xa6\x81\xe4\xb8\x80\xe7\x92\xb0\xef\xbc\x8c\xe5\xae\x83\xe4\xb8\x8d\xe5\x83\x85\xe6\x98\xaf\xe5\x8f\xaa\xe8\xae\x93\xe5\xb9\xb4\xe8\xbc\x95\xe4\xba\xba\xe6\x89\x93\xe5\xb1\x81\xe6\x99\x83\xe8\x95\xa9\xe6\x88\x96\xe6\x88\x90\xe6\x97\xa5\xe5\xbe\x85\xe8\x91\x97\xe8\xae\x93\xe4\xba\xba\xe6\x84\x9f\xe5\x88\xb0\xe7\x99\xbe\xe7\x84\xa1\xe8\x81\x8a\xe8\xb3\xb4\xe7\x9a\x84\xe5\x85\xac\xe5\x85\xb1\xe5\xa0\xb4\xe5\x9f\x9f\xef\xbc\x9b\xe4\xb9\x9f\xe6\xbb\x8b\xe9\xa4\x8a\xe5\x87\xba\xe8\xa8\xb1\xe5\xa4\x9a\xe7\x8d\xa8\xe5\x85\xb7\xe5\xa4\xa9\xe4\xbb\xbd\xe7\x9a\x84\xe6\xbb\x91\xe6\x9d\xbf\xe9\x81\xb8\xe6\x89\x8b\xef\xbc\x8c\xe5\xa4\xa9\xe7\x94\x9f ...'
b'\xe6\xbb\x91\xe6\x9d\xbf\xe6\x94\x9d\xe5\xbd\xb1\xe5\xb8\xab\xe4\xb9\x8bMarque Cox\xe7\x9a\x84\xe7\x98\x8b\xe7\x8b\x82\xe5\xbd\xb1\xe5\x83\x8f\xe8\xbf\xb4\xe5\x9c\x88',b'https://www.redbull.com/tw-zh/skate-videofolio-best-of-marque-cox',b'\xe6\x88\x91\xe7\x9a\x84\xe5\x90\x8d\xe5\xad\x97\xe6\x98\xafMarque Cox\xef\xbc\x8c\xe4\xbe\x86\xe8\x87\xaa\xe6\xb4\x9b\xe6\x9d\x89\xe7\xa3\xaf\xe9\x83\x8a\xe5\x8d\x80\xe7\x9a\x84\xe5\xa5\x87\xe8\xab\xbe\xe5\xb4\x97\xe3\x80\x82\xe6\x88\x91\xe7\x9a\x84\xe4\xba\xba\xe7\x94\x9f\xe5\x88\xb0\xe7\x9b\xae\xe5\x89\x8d\xe7\x82\xba\xe6\xad\xa2\xe9\x83\xbd\xe6\x98\xaf\xe4\xbb\xa5\xe6\xbb\x91\xe6\x9d\xbf\xe7\x82\xba\xe6\xa0\xb8\xe5\xbf\x83\xef\xbc\x8c\xe6\x8e\xa5\xe8\xa7\xb8\xe5\xbd\xb1\xe7\x89\x87\xe6\x8b\x8d\xe6\x94\x9d\xe5\x92\x8c\xe5\x89\xaa\xe8\xbc\xaf\xe5\xa4\xa7\xe7\xb4\x84\xe5\x85\xad\xe5\xb9\xb4\xe5\xa4\x9a\xef\xbc\x8c\xe5\x89\x8d\xe9\x99\xa3\xe5\xad\x90\xe5\x9c\xa8Anti-Matter Media\xe5\xb7\xa5\xe4\xbd\x9c\xef\xbc\x8c ...'
b'\xe6\xbb\x91\xe6\x9d\xbf\xe4\xb8\x8d\xe6\x98\xaf\xe7\xbd\xaa\xef\xbc\x9a\xe9\xa2\xa8\xe6\xa0\xbc\xe7\x9a\x84\xe4\xb8\x8d\xe5\x8f\xaf\xe8\xa8\x88\xe9\x87\x8f\xe4\xb9\x8bTPOOC - \xe5\x8f\xb0\xe5\x8c\x97',b'https://www.redbull.com/tw-zh/tpooc-video-series',b'\xe7\x8e\xa9\xe6\xa8\x82\xe5\x9c\x98\xe3\x80\x81\xe6\x9b\xb8\xe5\xaf\xab\xe3\x80\x81\xe7\xb9\xaa\xe7\x95\xab\xe5\x92\x8c\xe6\x8b\x8d\xe9\x9b\xbb\xe5\xbd\xb1\xe7\xad\x89\xe5\x90\x84\xe7\xa8\xae\xe8\x97\x9d\xe8\xa1\x93\xe5\x89\xb5\xe4\xbd\x9c\xe9\x83\xbd\xe6\x98\xaf\xe4\xb8\x80\xe7\xa8\xae\xe8\xa1\xa8\xe9\x81\x94\xe8\x87\xaa\xe6\x88\x91\xe7\x9a\x84\xe5\xbd\xa2\xe5\xbc\x8f\xef\xbc\x8c\xe6\xbb\x91\xe6\x9d\xbf\xe4\xba\xba\xe9\x81\xb8\xe6\x93\x87\xe8\xa1\xa8\xe9\x81\x94\xe8\x87\xaa\xe5\xb7\xb1\xe7\x9a\x84\xe6\x96\xb9\xe5\xbc\x8f\xe4\xbe\xbf\xe6\x98\xaf\xe7\x8e\xa9\xe6\xbb\x91\xe6\x9d\xbf\xef\xbc\x8c\xe8\x80\x8c\xe8\xa1\x97\xe9\xa0\xad\xe5\xb0\xb1\xe6\x98\xaf\xe6\x9c\x80\xe4\xbd\xb3\xe7\x9a\x84\xe8\xa1\xa8\xe7\x8f\xbe\xe5\xa0\xb4\xe5\x9f\x9f\xe3\x80\x82\xe4\xb8\x80\xe7\xbe\xa4\xe5\x8f\xb0\xe5\x8c\x97\xe5\x9c\xa8\xe5\x9c\xb0\xe5\x92\x8c\xe9\x95\xb7\xe6\x9c\x9f ...'
b'The Am Project\xe4\xb9\x8b\xe5\xb7\xb4\xe5\xa1\x9e\xe9\x9a\x86\xe7\xb4\x8d\xe5\xa4\xa7\xe5\x9b\x9e\xe9\x8d\x8b',b'https://www.redbull.com/tw-zh/short-re-edit-from-jarts-am-project-video',b'\xe5\x88\x87\xe6\x8f\x9b\xe8\xa7\x92\xe5\xba\xa6\xe5\x86\x8d\xe7\x9c\x8b\xe4\xb8\x80\xe6\xac\xa1Jart Skatebaords\xe6\x96\xbc2014\xe5\xb9\xb4\xe8\xae\x93\xe6\x89\x80\xe6\x9c\x89\xe6\xad\x90\xe6\xb4\xb2\xe6\xbb\x91\xe6\x9d\xbf\xe4\xba\xba\xe6\xb4\xa5\xe6\xb4\xa5\xe6\xa8\x82\xe9\x81\x93\xe7\x9a\x84\xe5\xbd\xb1\xe7\x89\x87\xe3\x80\x82'
b'\xe6\xbb\x91\xe6\x9d\xbf\xe5\xa6\x82\xe4\xbd\x95\xe6\x94\xb9\xe8\xae\x8a\xe4\xb8\x96\xe7\x95\x8c\xe7\x9a\x84\xe4\xb8\x80\xe8\xa7\x92\xef\xbc\x9a\xe4\xb8\xad\xe5\x8d\x97\xe4\xba\x9e\xe6\xbb\x91\xe6\x9d\xbf\xe6\x96\x87\xe5\x8c\x96\xe7\x9a\x84\xe7\x99\xbe\xe8\x8a\xb1\xe9\xbd\x8a\xe6\x94\xbe',b'https://www.redbull.com/tw-zh/upcoming-skateboardin-scene-in-asia',b'\xe9\x80\x99\xe5\xba\xa7\xe6\xbb\x91\xe6\x9d\xbf\xe5\xa0\xb4\xe8\x87\xaa\xe9\x96\x8b\xe5\xa7\x8b\xe8\x88\x88\xe5\xbb\xba\xe5\x88\xb02015\xe5\xb9\xb4\xe5\x9b\x9b\xe6\x9c\x88\xe5\xae\x8c\xe5\xb7\xa5\xe9\x96\x8b\xe6\x94\xbe\xef\xbc\x8c\xe4\xb8\x8d\xe5\x83\x85\xe5\xbc\x95\xe8\xb5\xb7\xe5\x85\xa8\xe9\x8e\xae\xe5\xad\xa9\xe5\xad\x90\xe7\x9a\x84\xe6\xb3\xa8\xe7\x9b\xae\xef\xbc\x8c\xe4\xb9\x9f\xe7\x82\xba\xe5\x8e\x9f\xe6\x9c\xac\xe8\xb2\xa7\xe5\x9b\xb0\xe4\xba\x86\xe7\x84\xa1\xe7\x94\x9f\xe6\xa9\x9f\xe7\x9a\x84\xe6\x9d\x91\xe8\x90\xbd\xef\xbc\x8c\xe5\x87\x9d\xe8\xa1\x9d\xe5\x87\xba\xe9\xa1\xaf\xe8\x80\x8c\xe6\x98\x93\xe8\xa6\x8b\xe7\x9a\x84\xe7\x9b\x8e\xe7\x84\xb6\xe6\xb4\xbb\xe5\x8a\x9b\xef\xbc\x9b\xe5\x8d\xb8\xe4\xb8\x8b\xe4\xb8\x8d\xe5\x90\x8c\xe6\x97\x8f\xe7\xbe\xa4\xe9\x96\x93\xe7\x9a\x84\xe9\x9a\x94\xe9\x96\xa1\xef\xbc\x8c\xe8\xae\x93 ...'
b'\xe9\x81\xa0\xe9\x9b\xa2\xe6\xba\xab\xe5\x93\xa5\xe8\x8f\xaf\xe5\xa1\xb5\xe5\x9b\x82\xef\xbc\x9a\xe6\xbb\x91\xe6\x9d\xbf\xe7\x9a\x84\xe7\xb0\xa1\xe5\x96\xae\xe7\x94\x9f\xe6\xb4\xbb',b'https://www.redbull.com/tw-zh/camping-in-bc-trading-the-city-life-for-the-country-vibes',b'\xe5\x9c\xa8\xe6\xba\xab\xe5\x93\xa5\xe8\x8f\xaf\xe4\xb9\x8b\xe5\xb3\xb6\xe5\x92\x8cB.C.\xe5\x85\xa7\xe9\x99\xb8\xe7\x9a\x84\xe8\xa8\xb1\xe5\xa4\x9a\xe5\xb0\x8f\xe9\x8e\xae\xe5\xb0\x8f\xe5\x9f\x8e\xe5\xb8\x82\xe6\x9c\x89\xe8\xa8\xb1\xe5\xa4\x9a\xe4\xbb\xa4\xe4\xba\xba\xe9\xa9\x9a\xe8\xb1\x94\xe7\x9a\x84\xe8\xa1\x97\xe6\xbb\x91\xe6\x9d\xbf\xe9\xbb\x9e\xef\xbc\x8c\xe4\xb8\xa6\xe4\xb8\x94\xe4\xb9\x9f\xe4\xb8\x8d\xe8\x8b\xa5\xe6\xba\xab\xe5\x93\xa5\xe8\x8f\xaf\xe5\x9f\x8e\xe5\xb8\x82\xe7\x9a\x84\xe7\x9f\xa5\xe5\x90\x8d\xe6\x9d\xbf\xe9\xbb\x9e\xef\xbc\x8c\xe6\x99\x82\xe6\x99\x82\xe4\xba\xba\xe6\xbb\xbf\xe7\x82\xba\xe6\x82\xa3\xe3\x80\x82\xe9\x80\x99\xe4\xba\x9b\xe5\xb0\x8f\xe5\x9f\x8e\xe9\x8e\xae\xe4\xb9\x9f\xe9\x9b\xa2\xe5\xa4\xa7\xe8\x87\xaa\xe7\x84\xb6\xe5\xbe\x88\xe8\xbf\x91\xef\xbc\x8c\xe8\x8b\xa5\xe6\x9c\x89\xe5\x8d\x81\xe8\xb6\xb3 ...'
b'\xe6\xb5\xaa\xe6\xbc\xab\xe8\x87\xb3\xe4\xb8\x8a\xef\xbc\x9aGuillaume P\xc3\xa9rimony\xe7\x9a\x84\xe6\xb3\x95\xe5\xbc\x8f\xe6\xbb\x91\xe6\x9d\xbf\xe5\xbd\xb1\xe5\x83\x8f',b'https://www.redbull.com/tw-zh/skateboard-videofolio-guillaume-perimony',b'\xe6\xb5\xaa\xe6\xbc\xab\xe8\x87\xb3\xe4\xb8\x8a\xef\xbc\x9aGuillaume P\xc3\xa9rimony\xe7\x9a\x84\xe6\xb3\x95\xe5\xbc\x8f\xe6\xbb\x91\xe6\x9d\xbf\xe5\xbd\xb1\xe5\x83\x8f \xc2\xb7 \xe9\x80\x99\xe9\x83\xa8\xe4\xbd\x9c\xe5\x93\x81\xe5\x8f\xaf\xe4\xbb\xa5\xe8\xaa\xaa\xe6\x98\xafGuillaume\xe6\xbb\x91\xe6\x9d\xbf\xe5\xbd\xb1\xe7\x89\x87\xe9\xa2\xa8\xe6\xa0\xbc\xe7\x9a\x84\xe7\xb2\xbe\xe7\xb0\xa1\xe6\x89\xbc\xe8\xa6\x81\xe7\x89\x88\xef\xbc\x8cRed Bull\xe4\xb9\x9f\xe8\xb6\x81\xe6\xad\xa4\xe6\xa9\x9f\xe6\x9c\x83\xe8\x88\x87\xe4\xbb\x96\xe4\xbd\x9c\xe7\x9f\xad\xe8\xa8\xaa\xef\xbc\x8c\xe6\x8b\xbe\xe9\x9b\x86\xe4\xbb\x96\xe5\x85\xa7\xe5\x9c\xa8\xe4\xb9\x8b\xe4\xb8\xad\xe5\xb0\x8d ...'
b'\xe7\x8e\xa9\xe6\x9d\xbf\xe5\x89\x8d\xe7\x9a\x84\xe7\x86\xb1\xe8\xba\xab\xef\xbc\x9a2017\xe5\xb9\xb4\xe4\xba\x94\xe9\x83\xa8\xe4\xbd\x90\xe7\xb5\x95\xe5\xa6\x99\xe9\x85\x8d\xe6\xa8\x82\xe7\x9a\x84\xe6\xbb\x91\xe6\x9d\xbf\xe5\xbd\xb1\xe7\x89\x87',b'https://www.redbull.com/tw-zh/2017-5-best-soundtracks-skate-videos-so-far',b'\xe4\xbb\xa5Lou Reed\xe7\x9a\x84\xe3\x80\x88Real Good Time Together\xe3\x80\x89\xe9\x96\x8b\xe5\xa0\xb4\xef\xbc\x8c\xe8\xa1\x97\xe6\xbb\x91\xe7\x89\x87\xe6\xae\xb5\xe5\xae\x9b\xe5\xa6\x82\xe8\x92\x99\xe5\xa4\xaa\xe5\xa5\x87\xe8\x88\xac\xe7\x9a\x84\xe5\xb9\xbb\xe5\x83\x8f\xe6\x84\x9f\xef\xbc\x8c\xe4\xbb\xa4\xe4\xba\xba\xe6\x83\xb3\xe8\xb5\xb7Flip\xe7\x9a\x84\xe3\x80\x8aSorry\xe3\x80\x8b\xe4\xb9\x9f\xe5\x90\x8c\xe6\xa8\xa3\xe9\x81\xb8\xe7\x94\xa8\xe9\x81\x8eLou Reed\xe7\x9a\x84\xe6\xad\x8c\xe6\x9b\xb2\xe3\x80\x88Perfect Day\xe3\x80\x89\xe7\xb5\x90\xe5\x90\x88 ...'
b'\xe6\x99\x82\xe4\xbb\xa3\xe6\x9c\xab\xe7\xab\xaf\xe7\x9a\x84\xe5\x9f\x8e\xe5\xb8\x82\xef\xbc\x9a\xe6\x94\x9d\xe5\xbd\xb1\xe5\xb8\xabJon Mehring\xe7\x9a\x84\xe6\xb8\xaf\xe6\xbe\xb3\xe6\xbb\x91\xe6\x9d\xbf\xe4\xb9\x8b\xe6\x97\x85',b'https://www.redbull.com/tw-zh/%E6%99%82%E4%BB%A3%E6%9C%AB%E7%AB%AF%E7%9A%84%E5%9F%8E%E5%B8%82%EF%BC%9A%E6%94%9D%E5%BD%B1%E5%B8%ABjon-mehring%E7%9A%84%E6%B8%AF%E6%BE%B3%E6%BB%91%E6%9D%BF%E4%B9%8B%E6%97%85',b'\xe9\xa6\x99\xe6\xb8\xaf\xe7\x9a\x84\xe6\xbb\x91\xe6\x9d\xbf\xe6\x96\x87\xe5\x8c\x96\xe7\x99\xbc\xe5\xb1\x95\xe7\xb4\x84\xe8\x8e\xab\xe8\xb5\xb7\xe6\x96\xbc\xe5\x85\xab\xe9\x9b\xb6\xe5\xb9\xb4\xe4\xbb\xa3\xe6\x9c\xab\xe6\x9c\x9f\xef\xbc\x8c1999\xe5\xb9\xb4JBS\xef\xbc\x88Julius Brian Siswojo\xef\xbc\x89\xe9\x96\x8b\xe8\xa8\xad\xe4\xba\x868FIVE2\xe6\xbb\x91\xe6\x9d\xbf\xe5\xba\x97\xef\xbc\x8c\xe8\x88\x87\xe6\x9c\x8b\xe5\x8f\x8b\xe5\x80\x91\xe7\xa9\x8d\xe6\xa5\xb5\xe6\x8e\xa8\xe5\xbb\xa3\xe6\xbb\x91\xe6\x9d\xbf\xe6\x96\x87\xe5\x8c\x96\xe4\xb8\xa6\xe8\xae\x93\xe8\xa8\xb1\xe5\xa4\x9a\xe7\x95\xb6\xe5\x9c\xb0\xe6\xbb\x91\xe6\x9d\xbf\xe4\xba\xba\xe9\x9b\x86\xe7\xb5\x90\xe4\xbd\x9c\xe4\xbc\x99 ...'
b'\xe3\x80\x8aATH\xe3\x80\x8b: \xe6\xbb\x91\xe6\x9d\xbf\xe6\x96\x87\xe5\x8c\x96\xe4\xb9\x8b\xe9\x9b\x85\xe5\x85\xb8',b'https://www.redbull.com/tw-zh/%E3%80%8Aath%E3%80%8B-%E6%BB%91%E6%9D%BF%E6%96%87%E5%8C%96%E4%B9%8B%E9%9B%85%E5%85%B8',b'\xe4\xbb\x80\xe9\xba\xbc\xe6\x89\x8d\xe6\x98\xaf\xe6\x9c\x80\xe5\xae\x8c\xe7\xbe\x8e\xe7\x9a\x84\xe6\x9d\xbf\xe9\xbb\x9e\xef\xbc\x9f\xe6\xbb\x91\xe6\x9d\xbf\xe4\xba\xba\xe7\x9a\x84\xe4\xb8\x80\xe6\x97\xa5\xe7\x94\x9f\xe6\xb4\xbb\xe5\x8f\x88\xe6\x98\xaf\xe4\xbb\x80\xe9\xba\xbc\xe6\xa8\xa3\xe5\xad\x90\xef\xbc\x9f Kostas Mandilas \xe8\x8a\xb1\xe4\xba\x86\xe4\xba\x8c\xe5\xb9\xb4\xe5\x8d\x8a\xe7\x9a\x84\xe6\x99\x82\xe9\x96\x93\xe8\xa8\x98\xe9\x8c\x84\xe9\x80\x99\xe5\x9f\x8e\xe5\xb8\x82\xe8\x88\x87\xe6\xbb\x91\xe6\x9d\xbf\xe4\xb9\x8b\xe9\x96\x93\xe7\xb7\x8a\xe5\xaf\x86\xe7\x9b\xb8\xe9\x80\xa3\xef\xbc\x8c\xe7\x9c\x9f\xe5\xaf\xa6\xe5\x8f\x88\xe7\xbe\x8e\xe9\xba\x97\xe7\x9a\x84\xe5\xbd\xb1\xe5\x83\x8f\xe3\x80\x82 \xe3\x80\x8aATH\xe3\x80\x8b ...'
b'Muckefuck\xe6\xbb\x91\xe6\x9d\xbf\xe4\xb9\x8b\xe6\x97\x85\xef\xbc\x9a\xe7\xac\xac\xe4\xb8\x80\xe9\x9b\x86',b'https://www.redbull.com/tw-zh/muckefuck-tour-part-1',b'Muckefuck Tour: Part 1 ... \xe5\x9c\xa8\xe6\xbb\x91\xe6\x9d\xbf\xe7\x8e\xa9\xe5\xae\xb6\xef\xbc\x8d\xe7\xbe\x85\xe6\x9b\xbc\xc2\xb7\xe9\x98\xbf\xe6\x96\xaf\xe7\x89\xb9\xe8\x8e\xb1\xe7\x89\xb9\xe7\xba\xb3\xef\xbc\x88Roman Astleitner\xef\xbc\x89Muckefuck\xe6\xbb\x91\xe6\x9d\xbf\xe5\x85\xac\xe8\xb7\xaf\xe4\xb9\x8b\xe6\x97\x85\xe7\x9a\x84\xe9\x81\x8a\xe8\xa6\xbd\xe8\xbb\x8a\xe4\xb8\x8a\xef\xbc\x8c\xe6\x88\x91\xe5\x80\x91\xe5\xb9\xab\xe4\xbd\xa0\xe7\x95\x99\xe4\xba\x86\xe4\xb8\x80\xe5\x80\x8b\xe5\xba\xa7\xe4\xbd\x8d\xe3\x80\x82 ... \xe6\xb2\x92\xe9\x8c\xaf\xef\xbc\x8c\xe4\xbd\xa0\xe5\xb0\xb1\xe6\x98\xaf ...'
b'\xe7\xb4\x90\xe7\xb4\x84\xe7\x9a\x84\xe6\xbb\x91\xe6\x9d\xbf\xe6\x97\xa5\xe4\xb8\x8d\xe8\x90\xbd',b'https://www.redbull.com/tw-zh/welcome-to-skateboarding-in-the-big-apple',b'\xe8\xba\xab\xe7\x82\xba\xe5\x85\xa8\xe4\xb8\x96\xe7\x95\x8c\xe6\x9c\x80\xe5\x85\xb7\xe6\x8c\x87\xe6\xa8\x99\xe6\x80\xa7\xe7\x9a\x84\xe5\x9f\x8e\xe5\xb8\x82\xe4\xb9\x8b\xe4\xb8\x80\xef\xbc\x8c\xe9\x95\xb7\xe4\xb9\x85\xe4\xbb\xa5\xe4\xbe\x86\xe4\xba\xba\xe5\x80\x91\xe6\x97\xa9\xe5\xb0\xb1\xe7\xbf\x92\xe6\x85\xa3\xe5\xa4\xa7\xe5\xae\xb6\xe5\xb0\x87\xe9\x80\x99\xe8\xa3\xa1\xe8\xa6\x96\xe7\x82\xba\xe6\x9c\x80\xe5\x8f\x97\xe6\xad\xa1\xe8\xbf\x8e\xe7\x9a\x84\xe6\xbb\x91\xe6\x9d\xbf\xe5\xa4\xa2\xe6\x83\xb3\xe7\xb5\x82\xe9\xbb\x9e\xe7\xab\x99\xe3\x80\x82\xe4\xbe\x9d\xe6\xad\xb7\xe5\x8f\xb2\xe5\x9c\xb0\xe6\xa8\x99\xe4\xbe\x86\xe5\x88\x86\xef\xbc\x8c\xe5\x83\x8f\xe6\x98\xaf\xe6\x9b\xbc\xe5\x93\x88\xe9\xa0\x93\xe4\xb8\x8b\xe5\x9f\x8e\xe7\x9a\x84\xe6\xbb\x91\xe6\x9d\xbf\xe5\x85\xac\xe5\x9c\x92\xef\xbc\x8c\xe5\x85\xabO\xe5\xb9\xb4\xe4\xbb\xa3 ...'
b'\xe5\xbe\x9e\xe6\xbb\x91\xe6\x9d\xbf\xe9\x81\xb8\xe6\x89\x8b\xe5\x88\xb0\xe6\x94\x9d\xe5\xbd\xb1\xe5\xb8\xab\xe4\xb9\x8b\xe8\xb7\xaf\xef\xbc\x9aArto Saari',b'https://www.redbull.com/tw-zh/skateboarding-photographers-eye',b'Arto Saari\xe7\x9a\x84\xe6\x94\x9d\xe5\xbd\xb1\xe8\xb5\xb7\xe9\xa0\xad\xe5\x83\x85\xe6\x98\xaf\xe7\x94\xa8\xe4\xb8\x80\xe5\x8f\xb0\xe5\xba\x95\xe7\x89\x87\xe6\xa9\x9f\xe6\x8b\x8d\xe6\x94\x9d\xe5\xb9\xb3\xe6\x97\xa5\xe8\x88\x87\xe6\x9c\x8b\xe5\x8f\x8b\xe5\x87\xba\xe9\x81\x8a\xe5\x92\x8c\xe7\x8e\xa9\xe6\x9d\xbf\xe7\x9a\x84\xe7\x85\xa7\xe7\x89\x87\xef\xbc\x8c\xe8\x87\xaa\xe5\xad\xb8\xe6\x91\xb8\xe7\xb4\xa2\xe7\x9a\x84\xe9\x81\x8e\xe7\xa8\x8b\xe4\xb8\xad\xe8\xae\x93\xe4\xbb\x96\xe5\xad\xb8\xe6\x9c\x83\xe5\xa6\x82\xe4\xbd\x95\xe9\x81\x8b\xe7\x94\xa8\xe8\x87\xaa\xe7\x84\xb6\xe5\x85\x89\xe5\xbd\xb1\xe6\x8d\x95\xe6\x8d\x89\xe6\xbb\x91\xe6\x9d\xbf\xe4\xba\xba\xe7\x9a\x84\xe6\x83\x85\xe7\xb7\x92\xe5\x8b\x95\xe9\x9d\x9c\xef\xbc\x8c\xe4\xbb\xa5\xe5\x8f\x8a\xe9\x80\xa3\xe7\xba\x8c\xe5\x8b\x95\xe4\xbd\x9c\xe6\x9c\x80 ...'
b'\xe8\x8a\xac\xe8\x98\xad\xe6\xbb\x91\xe6\x9d\xbf\xe4\xba\xba\xe7\x9a\x84\xe7\xbe\x8e\xe5\x9c\x8b\xe4\xb9\x8b\xe6\x97\x85\xef\xbc\x9a\xe5\x8a\xa0\xe5\xb7\x9e\xe5\xa4\xa2\xe9\x81\x8a\xe4\xb8\xad',b'https://www.redbull.com/tw-zh/%E8%8A%AC%E8%98%AD%E6%BB%91%E6%9D%BF%E4%BA%BA%E7%9A%84%E7%BE%8E%E5%9C%8B%E4%B9%8B%E6%97%85%EF%BC%9A%E5%8A%A0%E5%B7%9E%E5%A4%A2%E9%81%8A%E4%B8%AD',b'\xe5\xa6\x82\xe6\x9e\x9c\xe6\x83\xb3\xe5\x9c\xa8\xe5\x8a\xa0\xe5\xb7\x9e\xe4\xbe\x86\xe5\x80\x8b\xe6\xbb\x91\xe6\x9d\xbf\xe4\xb9\x8b\xe6\x97\x85\xef\xbc\x8c\xe7\xa7\x9f\xe8\xbc\x9b\xe9\x9c\xb2\xe7\x87\x9f\xe8\xbb\x8a\xe6\x98\xaf\xe5\x80\x8b\xe4\xb8\x8a\xe4\xb8\x8a\xe4\xb9\x8b\xe9\x81\xb8\xe4\xb8\x94\xe4\xbb\x80\xe9\xba\xbc\xe9\x83\xbd\xe8\x83\xbd\xe5\xa1\x9e\xe9\x80\xb2\xe8\xbb\x8a\xe5\x85\xa7\xef\xbc\x9a\xe5\xba\x8a\xe3\x80\x81\xe5\xb8\xb3\xe8\x93\xac\xe3\x80\x81\xe7\x9d\xa1\xe8\xa2\x8b\xe3\x80\x81\xe6\xbb\x91\xe6\x9d\xbf\xe4\xba\xba\xe4\xba\x8c\xe5\x80\x8b\xe3\x80\x81\xe6\x94\x9d\xe5\xbd\xb1\xe5\xb8\xab\xe4\xba\x8c\xe5\x80\x8b\xef\xbc\x8c\xe9\x82\x84\xe6\x9c\x89\xe5\xb0\x91\xe4\xb8\x8d\xe4\xba\x86\xe4\xb8\x80\xe5\xa0\x86\xe8\x87\xad\xe8\xa5\xaa\xe5\xad\x90\xe5\x92\x8c\xe8\x87\xad\xe9\x9e\x8b\xe3\x80\x82\xe8\x88\x87\xe6\xbb\x91\xe6\x9d\xbf\xe9\x9a\x8a ...'
b'\xe6\x9a\xb9\xe7\xbe\x85\xe6\xbb\x91\xe6\x9d\xbf\xe4\xb9\x8b\xe6\x97\x85\xef\xbc\x9a\xe6\x9d\xbf\xe9\xbb\x9e\xe7\x89\xb9\xe6\x90\x9c\xe9\x9a\x8a\xe5\x87\xba\xe5\x8b\x951+2\xe9\x9b\x86',b'https://www.redbull.com/tw-zh/siam-siam-but-different-thailand',b'\xe6\xad\xa4\xe8\xa1\x8c\xe7\x9a\x84\xe4\xb8\x89\xe4\xbd\x8d\xe6\xbb\x91\xe6\x9d\xbf\xe8\x80\x81\xe6\x89\x8b\xe9\x83\xbd\xe5\xbc\xb7\xe5\x8a\x9b\xe6\x8e\xa8\xe8\x96\xa6\xe4\xbb\xa4\xe4\xba\xba\xe6\x84\x9f\xe5\x88\xb0\xe5\xbe\x8c\xe7\x94\x9f\xe5\x8f\xaf\xe7\x95\x8f\xe7\x9a\x84Daryl Dominguez\xef\xbc\x8c\xe4\xb9\x9f\xe5\x8f\xaa\xe6\x9c\x89\xe5\x9c\xa8\xe9\x80\x99\xe6\xa8\xa3\xe7\x9a\x84\xe3\x80\x8c\xe9\x87\x8e\xe7\x94\x9f\xe6\x9d\xbf\xe9\xbb\x9e\xe3\x80\x8d\xe6\x89\x8d\xe8\x83\xbd\xe8\xae\x93\xe5\x85\xa7\xe6\x96\x82\xe4\xb8\x8d\xe5\xbc\xb5\xe7\x8b\x82\xe7\x9a\x84\xe9\x81\xb8\xe6\x89\x8b\xe5\xa6\x82Daryl\xe4\xbd\xbf\xe7\x9b\xa1\xe6\xb8\xbe\xe8\xba\xab\xe8\xa7\xa3\xe6\x95\xb8\xe6\x83\xb3\xe5\x87\xba\xe5\x88\xa5\xe4\xba\xba\xe6\x84\x8f ...'
b'\xe5\x9c\xa8\xe5\x9c\xb0\xe6\x9b\xbc\xe9\x99\x80\xe7\xbe\x85\xef\xbc\x9aAnytime\xe6\xbb\x91\xe6\x9d\xbf\xe5\xba\x97\xe4\xba\x8c\xe4\xb8\x89\xe4\xba\x8b',b'https://www.redbull.com/tw-zh/local-mandala%EF%BC%8Dinterview-with-oki-of-anytime-skate-shop',b'\xe5\x9c\xa8\xe5\x9c\xb0\xe6\x9b\xbc\xe9\x99\x80\xe7\xbe\x85\xef\xbc\x9aAnytime\xe6\xbb\x91\xe6\x9d\xbf\xe5\xba\x97\xe4\xba\x8c\xe4\xb8\x89\xe4\xba\x8b. \xe4\xb8\x80\xe6\x97\xa5\xe6\xbb\x91\xe6\x9d\xbf\xe4\xba\xba\xef\xbc\x8c\xe7\xb5\x82\xe8\xba\xab\xe4\xbb\xa5\xe6\xad\xa4\xe7\x82\xba\xe6\xa5\xad\xef\xbc\x8d\xe9\x80\x99\xe6\x98\xafAnytime\xe6\x9d\xbf\xe5\xba\x97\xe5\x89\xb5\xe8\xbe\xa6\xe4\xba\xbaOki\xef\xbc\x88\xe9\x98\xbf\xe8\xb3\xa2\xef\xbc\x89\xe5\xb0\x8d\xe6\xbb\x91\xe6\x9d\xbf\xe7\x9a\x84\xe6\x84\x9b\xe4\xb9\x8b\xe6\xb7\xb1\xef\xbc\x8c\xe4\xb9\x9f\xe6\x98\xaf\xe5\x85\xa8\xe4\xb8\x96\xe7\x95\x8c\xe7\x86\xb1\xe6\x84\x9b\xe7\x8e\xa9\xe6\x9d\xbf\xe7\x9a\x84\xe4\xba\xba\xe6\x8a\x95\xe5\x85\xa5\xe5\xb7\xb2\xe4\xb9\x85\xe3\x80\x81\xe6\xad\xa3\xe5\x9c\xa8 ...'
b'\xe5\xa4\xa7\xe9\xac\xa7\xe6\x9d\x9c\xe6\x8b\x9c\xe6\xb0\xb4\xe4\xb8\x8a\xe6\xa8\x82\xe5\x9c\x92\xe4\xb9\x8b\xe6\xbb\x91\xe6\x9d\xbf\xe5\xac\x89\xe2\x80\x9d\xe6\xb8\xb8\xe2\x80\x9d\xe8\xa8\x98',b'https://www.redbull.com/tw-zh/waterpark-lockdown-skate-dubai-video',b'\xe4\xbd\x8d\xe6\x96\xbc\xe6\x9d\x9c\xe6\x8b\x9c\xe4\xba\x9e\xe7\x89\xb9\xe8\x98\xad\xe5\xa0\xa4\xe6\x96\xaf\xe9\x85\x92\xe5\xba\x97\xef\xbc\x88Atlantis The Palm\xef\xbc\x89\xe7\x9a\x84\xe6\xb0\xb4\xe4\xb8\x8a\xe5\x86\x92\xe9\x9a\xaa\xe6\xa8\x82\xe5\x9c\x92\xef\xbc\x88Aquaventure Waterpark\xef\xbc\x89\xef\xbc\x8c\xe5\x85\xb6\xe6\x9c\x80\xe8\x91\x97\xe5\x90\x8d\xe7\x9a\x84Zoomerango and Aquaconda\xe6\x98\xaf\xe7\x9b\xae\xe5\x89\x8d\xe5\x85\xa8\xe4\xb8\x96\xe7\x95\x8c\xe6\x9c\x80\xe5\xa4\xa7\xe7\x9a\x84\xe6\xb0\xb4\xe4\xb8\x8a\xe9\x81\x8a\xe6\xa8\x82 ...'
b'\xe5\xae\x9a\xe6\xa0\xbc\xe7\x9e\xac\xe9\x96\x93\xef\xbc\x9a\xe6\xbb\x91\xe6\x9d\xbf\xe4\xba\xba\xe7\x9b\x9b\xe6\x9c\x83\xe5\x9b\x9e\xe9\xa1\xa7',b'https://www.redbull.com/tw-zh/photo-of-the-week-skateboarding-day',b'\xe6\xaf\x8f\xe4\xb8\x80\xe5\xb9\xb4\xe7\x9a\x846\xe6\x9c\x8821\xe6\x97\xa5\xef\xbc\x8c\xe6\xbb\x91\xe6\x9d\xbf\xe4\xba\xba\xe9\x83\xbd\xe8\xa6\x81\xe8\xa1\x97\xe6\xbb\x91\xe7\x8e\xa9\xe9\x81\x8d\xe8\x87\xaa\xe5\xae\xb6\xe5\x9f\x8e\xe5\xb8\x82\xef\xbc\x8c\xe8\xbf\x8e\xe6\x8e\xa5\xe6\x9a\x91\xe5\x81\x87\xe7\x9a\x84\xe5\x88\xb0\xe4\xbe\x86\xe3\x80\x822015\xe8\xbe\xb2\xe6\x9b\x86\xe6\x96\xb0\xe5\xb9\xb4\xe5\xb0\x87\xe8\x87\xb3\xef\xbc\x8c\xe4\xbd\xa0\xe7\x9a\x84\xe6\x96\xb0\xe5\xb8\x8c\xe6\x9c\x9b\xe7\xab\x8b\xe4\xb8\x8b\xe6\x8b\x9b\xe5\xbc\x8f\xe9\x81\x94\xe9\x99\xa3\xe7\x9b\xae\xe6\xa8\x99\xe4\xba\x86\xe5\x97\x8e\xef\xbc\x9f'
b'\xe8\xb7\xb3\xe8\xba\x8d\xe5\xb3\xb6\xe5\x9c\x8b\xe4\xb9\x8b\xe9\x96\x93\xef\xbc\x9a\xe9\xa6\xac\xe7\x88\xbe\xe5\x9c\xb0\xe5\xa4\xab\xe6\xbb\x91\xe6\x9d\xbf\xe4\xb9\x8b\xe6\x97\x851+2 \xe9\x9b\x86',b'https://www.redbull.com/tw-zh/island-hopping-chapter-01',b'Raalhugandu \xe6\xbb\x91\xe6\x9d\xbf\xe5\xa0\xb4\xe5\x9c\xa8\xe7\x95\xb6\xe5\x9c\xb0\xe6\x98\xaf\xe7\xa0\xb4\xe5\x9c\x9f\xe6\x96\xb0\xe8\xb5\xb7\xe7\x9a\x84\xe7\x86\xb1\xe9\x96\x80\xe6\x9d\xbf\xe9\xbb\x9e\xef\xbc\x8c\xe5\x9c\xa8\xe5\x9c\xb0\xe6\xbb\x91\xe6\x9d\xbf\xe4\xba\xba\xe5\x9c\xa8\xe9\xa6\xac\xe5\x88\xa9\xe7\x9a\x84\xe4\xb8\x80\xe5\xba\xa7\xe4\xba\xba\xe9\x80\xa0\xe6\xb2\x99\xe7\x81\x98\xe6\x97\x81DIY\xe8\x87\xaa\xe8\xa1\x8c\xe5\xbb\xba\xe8\x93\x8b\xe7\x9a\x84\xe6\xb7\xb7\xe5\x87\x9d\xe5\x9c\x9f\xe7\xa2\x97\xe6\xb1\xa0\xef\xbc\x8c\xe5\x90\x8c\xe6\x99\x82\xe4\xbb\x96\xe4\xb9\x9f\xe7\x99\xbc\xe7\x8f\xbe\xe4\xb8\x80\xe8\x99\x95\xe5\x9c\xa8\xe9\xac\xa7\xe5\x8d\x80\xe4\xb9\x8b\xe4\xb8\xad\xe7\x9a\x84\xe9\x96\x93\xe9\x9a\x94\xe8\x90\xbd\xe5\xb7\xae\xe6\x9d\xbf\xe9\xbb\x9e ...'
b'\xe6\xad\xa1\xe8\xbf\x8e\xe7\x8e\xa9\xe5\xae\xb6\xe5\x80\x91\xe5\x9b\x9e\xe5\x88\xb0\xe5\xae\xb6\xe9\x84\x89\xe7\x8e\xa9\xe6\xbb\x91\xe6\x9d\xbf',b'https://www.redbull.com/tw-zh/%E6%AD%A1%E8%BF%8E%E7%8E%A9%E5%AE%B6%E5%80%91%E5%9B%9E%E5%88%B0%E5%AE%B6%E9%84%89%E7%8E%A9%E6%BB%91%E6%9D%BF',b'\xe2\x80\x9c\xe8\x98\x87\xe9\xbb\x8e\xe4\xb8\x96\xe7\x9a\x84\xe6\xbb\x91\xe6\x9d\xbf\xe7\x8e\xa9\xe5\xae\xb6\xe6\x98\xaf\xe5\xae\x8c\xe5\x85\xa8\xe5\x8f\xaf\xe8\x83\xbd\xe8\xa2\xab\xe8\xaa\x8d\xe7\x9f\xa5\xe7\x82\xba\xe6\x8a\x80\xe8\xa1\x93\xe7\x8e\xa9\xe5\xae\xb6\xef\xbc\x8c\xe5\x9b\xa0\xe7\x82\xba\xe4\xbb\x96\xe5\x80\x91\xe4\xb9\x8b\xe5\x89\x8d\xe5\xbe\x9e\xe4\xbe\x86\xe6\xb2\x92\xe6\x9c\x89\xe9\x81\x8e\xe4\xb8\x80\xe5\x80\x8b\xe7\x9c\x9f\xe6\xad\xa3\xe7\x9a\x84\xe6\xbb\x91\xe6\x9d\xbf\xe5\x85\xac\xe5\x9c\x92\xe2\x80\x9d\xef\xbc\x8c\xe7\x95\xb6\xe5\x9c\xb0\xe7\x9a\x84\xe6\x94\x9d\xe5\xbd\xb1\xe5\xb8\xab\xe9\x98\xbf\xe8\x98\xad\xc2\xb7\xe9\xa6\xac\xe6\xa0\xbc\xef\xbc\x88Alan Maag\xef\xbc\x89\xe9\x80\x99\xe9\xba\xbc\xe8\xaa\x8d\xe7\x82\xba\xe3\x80\x82\xe9\x82\xa3\xe9\xba\xbc\xef\xbc\x8c\xe8\x87\xaa\xe4\xb8\x8a ...'
b'\xe6\xb2\xbf\xe6\xb5\xb7\xe5\x9f\x8e\xe5\xb8\x82\xe6\xbb\x91\xe6\x9d\xbf\xe5\xbe\x81\xe6\x88\xb0\xef\xbc\x9aDenny Pham\xe4\xb9\x8b\xe6\xb4\x9b\xe6\x9d\x89\xe7\xa3\xaf\xe6\x97\xa5\xe4\xb8\x8d\xe8\x90\xbd',b'https://www.redbull.com/tw-zh/red-bull-coastal-business-denny-pham-los-angeles-full-video-2017-05-07',b'Red Bull \xe7\x9a\x84\xe5\xbe\xb7\xe5\x9c\x8b\xe6\xbb\x91\xe6\x9d\xbf\xe9\x81\xb8\xe6\x89\x8bDenny Pham \xe8\x88\x87Vladik Scholz\xe4\xbb\xa5\xe6\xb2\xbf\xe6\xb5\xb7\xe5\x9f\x8e\xe5\xb8\x82\xe7\x9a\x84\xe5\xb0\x8d\xe8\xa7\x92\xe9\x80\xa3\xe7\xb7\x9a\xe5\x88\x86\xe5\x88\xa5\xe6\x8c\x91\xe6\x88\xb0\xe9\x80\x99\xe4\xba\x9b\xe5\x9c\xb0\xe6\x96\xb9\xe7\x9a\x84\xe5\x90\x84\xe5\x80\x8b\xe7\xb6\x93\xe5\x85\xb8\xe6\x9d\xbf\xe9\xbb\x9e\xef\xbc\x8c\xe4\xbb\x96\xe5\x80\x91\xe5\xbf\x85\xe9\xa0\x88\xe5\xae\x8c\xe6\x88\x90\xe7\x9a\x84\xe4\xbb\xbb\xe5\x8b\x99\xe8\xaa\xaa\xe8\xb5\xb7\xe4\xbe\x86\xe7\xb0\xa1\xe5\x96\xae\xef\xbc\x8c\xe5\x9f\xb7\xe8\xa1\x8c\xe9\x9b\xa3\xe5\xba\xa6\xe5\x8d\xbb\xe4\xb8\x8d ...'
b'\xe6\x8d\xb7\xe5\x85\x8b\xe6\xbb\x91\xe6\x9d\xbf\xe7\x9b\x9b\xe4\xba\x8bMystic Cup 2013',b'https://www.redbull.com/tw-zh/mystic-cup-2013',b'1996\xe5\xb9\xb4\xe6\x99\x82\xef\xbc\x8c\xe6\xbb\x91\xe6\x9d\xbf\xe5\x82\xb3\xe5\xa5\x87\xe9\x81\xb8\xe6\x89\x8bTom Penny\xe3\x80\x81Donny Barley\xe5\x92\x8cChris Senn\xe7\xad\x89\xe5\x90\x84\xe5\x80\x8b\xe9\xa2\xa8\xe6\xa0\xbc\xe8\xbf\xa5\xe7\x95\xb0\xe7\x9a\x84\xe9\x81\xb8\xe6\x89\x8b\xe6\x89\x93\xe7\xa0\xb4\xe7\x95\xb6\xe6\x99\x82\xe5\x96\xae\xe4\xb8\x80\xe8\xb5\xb0\xe5\x90\x91\xe7\x9a\x84\xe6\xbb\x91\xe6\x9d\xbf\xe7\x8e\xa9\xe6\xb3\x95\xef\xbc\x8c\xe5\xbe\x9e\xe9\x82\xa3\xe4\xb9\x8b\xe5\xbe\x8c\xe4\xb9\x9f\xe5\x95\x9f\xe8\x92\x99\xe4\xba\x86\xe8\xa8\xb1\xe5\xa4\x9a\xe6\xbb\x91\xe6\x9d\xbf\xe4\xba\xba\xe7\x9a\x84\xe7\x8e\xa9\xe6\x9d\xbf\xe6\x80\x9d\xe7\xb6\xad\xe3\x80\x82'
b'\xe6\x9c\xab\xe6\x97\xa5\xe5\x8b\x9d\xe5\x9c\xb0\xef\xbc\x9a Aspotogan\xe5\x8d\x8a\xe5\xb3\xb6\xe7\x9a\x84\xe6\xbb\x91\xe6\x9d\xbf\xe5\xa4\xa9\xe5\xa0\x82',b'https://www.redbull.com/tw-zh/last-resort-aspotogan',b'\xe6\x97\xa5\xe4\xbb\xa5\xe7\xb9\xbc\xe5\xa4\x9c\xe5\x9c\xb0\xef\xbc\x8c\xe5\xbe\x9e\xe6\x9a\x97\xe5\xa4\x9c\xe7\x84\xa1\xe5\x85\x89\xe8\x87\xb3\xe7\xbe\x8e\xe7\x9a\x84\xe4\xbb\xa4\xe4\xba\xba\xe5\xb1\x8f\xe6\x81\xaf\xe7\x9a\x84\xe6\x97\xa5\xe5\x87\xba\xef\xbc\x8c\xe7\x82\xba\xe6\xbb\x91\xe6\x9d\xbf\xe4\xba\xba\xe9\x87\x8f\xe8\xba\xab\xe6\x89\x93\xe9\x80\xa0\xe7\x9a\x84\xe6\xb7\xb7\xe5\x87\x9d\xe5\x9c\x9f\xe7\xa2\x97\xe6\xb1\xa0\xe7\xb5\x82\xe6\x96\xbc\xe5\xae\x8c\xe5\xb7\xa5\xef\xbc\x8c\xe9\x9b\x96\xe7\x84\xb6\xe4\xb8\x8d\xe7\x9f\xa5\xe9\x80\x99\xe6\xa3\x9f\xe5\xbb\xba\xe7\xaf\x89\xe7\x89\xa9\xe7\x9a\x84\xe6\x9c\xaa\xe4\xbe\x86\xe5\xb0\x87\xe6\x9c\x83\xe6\x98\xaf\xe4\xbb\x80\xe9\xba\xbc\xe6\xa8\xa3\xe5\xad\x90\xef\xbc\x8c\xe4\xbd\x86\xe8\x87\xb3\xe5\xb0\x91\xe4\xbb\x96\xe5\x80\x91\xe9\x80\x99\xe6\xac\xa1\xe9\x83\xbd\xe6\x93\x81\xe6\x9c\x89\xe4\xba\x86 ...'
"b""\xe6\xbb\x91\xe6\x9d\xbf\xe4\xba\xba\xe6\x8b\x8d\xe6\xbb\x91\xe6\x9d\xbf\xe4\xba\xba\xef\xbc\x9a\xe3\x80\x8aPuff's iFiles\xef\xbc\x9aTaiwan\xe3\x80\x8b""",b'https://www.redbull.com/tw-zh/puffs-ifiles-taiwan-with-kyle',b'\xe9\x81\xb8\xe6\x89\x8b\xe6\x8b\x8d\xe9\x81\xb8\xe6\x89\x8b\xe3\x80\x82\xe7\x94\xa8\xe8\x87\xaa\xe5\xb7\xb1\xe7\x9a\x84\xe6\x89\x8b\xe6\xa9\x9f\xe6\x8b\x8d\xe6\x94\x9d\xe8\xa8\xb1\xe5\xa4\x9a\xe8\x88\x87\xe6\x9c\x8b\xe5\x8f\x8b\xe4\xb8\x80\xe8\xb5\xb7\xe6\x97\x85\xe8\xa1\x8c\xe7\x8e\xa9\xe6\x9d\xbf\xe7\x9a\x84\xe7\x89\x87\xe6\xae\xb5\xef\xbc\x8c\xe5\x85\xb6\xe4\xb8\xad\xe5\x8c\x85\xe6\x8b\xac\xe4\xba\x86\xe5\x8f\xb0\xe7\x81\xa3\xe6\xbb\x91\xe6\x9d\xbf\xe9\x81\xb8\xe6\x89\x8b\xe6\x9f\xaf\xe5\xae\xb6\xe6\x81\xa9\xef\xbc\x8c\xe9\x80\x99\xe6\xae\xb5\xe6\xbb\x91\xe6\x9d\xbf\xe4\xb9\x8b\xe6\x97\x85\xe4\xb9\x9f\xe6\x98\xaf\xe4\xbb\x8a\xe5\xb9\xb4\xe4\xb8\x80\xe6\x9c\x88\xe5\xba\x95\xe9\x9a\xa8\xe5\x90\x8c\xe4\xb8\xad\xe5\x9c\x8bNIKE SB\xe6\xbb\x91\xe6\x9d\xbf\xe9\x9a\x8a\xe4\xbe\x86\xe5\x8f\xb0 ...'
b'\xe5\xa4\x8f\xe6\x97\xa5\xe6\xbb\x91\xe6\x9d\xbf\xe7\xa5\xad\xef\xbc\x8c\xe5\x85\xa8\xe5\x9f\x8e\xe4\xb8\x80\xe8\xb5\xb7\xe7\x98\x8b\xef\xbc\x9a\xe5\x93\xa5\xe6\x9c\xac\xe5\x93\x88\xe6\xa0\xb9\xe6\xbb\x91\xe6\x9d\xbf\xe5\x85\xac\xe9\x96\x8b\xe8\xb3\xbd',b'https://www.redbull.com/tw-zh/about-cph-open',b'\xe5\xa6\x82\xe4\xbb\x8a\xe6\xaf\x8f\xe5\xb9\xb4\xe5\xa4\x8f\xe5\xa4\xa9\xe6\x96\xbc\xe4\xb8\xb9\xe9\xba\xa5\xe9\xa6\x96\xe9\x83\xbd\xe5\x93\xa5\xe6\x9c\xac\xe5\x93\x88\xe6\xa0\xb9\xe6\x89\x80\xe8\x88\x89\xe8\xbe\xa6\xe7\x9a\x84\xe6\xbb\x91\xe6\x9d\xbf\xe7\x9b\x9b\xe4\xba\x8b\xe3\x80\x8c\xe5\x93\xa5\xe6\x9c\xac\xe5\x93\x88\xe6\xa0\xb9\xe6\xbb\x91\xe6\x9d\xbf\xe5\x85\xac\xe9\x96\x8b\xe8\xb3\xbd\xe3\x80\x8d\xef\xbc\x88Copenhagen Open\xef\xbc\x8c\xe7\xb0\xa1\xe7\xa8\xb1CPH Open\xef\xbc\x89\xef\xbc\x8c\xe4\xb8\x8d\xe5\x83\x85\xe6\x98\xaf\xe5\x85\xa8\xe7\x90\x83\xe8\x81\xb7\xe6\xa5\xad\xe9\x81\xb8\xe6\x89\x8b\xe9\xbd\x8a\xe8\x81\x9a\xe4\xb8\x80\xe5\xa0\x82\xe7\x9a\x84\xe8\xb3\xbd\xe4\xba\x8b\xef\xbc\x8c\xe4\xb9\x9f\xe6\x98\xaf\xe5\xb9\xb4 ...'
b'\xe5\xbd\xb1\xe5\x83\x8f\xe8\xa8\x98\xe4\xba\x8b\xef\xbc\x9aFelix L\xc3\xb6chel\xe7\x9a\x84\xe6\xbb\x91\xe6\x9d\xbf\xe5\x9f\xba\xe7\xa4\x8e\xe8\xab\x96',b'https://www.redbull.com/tw-zh/videofolio-felix-loechel',b'\xe4\xbb\x96\xe5\xbd\xa2\xe5\xae\xb9\xe5\x89\xaa\xe6\x8e\xa5\xe5\xbb\xba\xe7\xab\x8b\xe6\x96\xbc\xe7\x99\xbe\xe5\x88\x86\xe4\xb9\x8b\xe5\x8d\x81\xe7\x9a\x84\xe6\x8a\x80\xe8\xa1\x93\xe7\xb5\x90\xe5\x90\x88\xe7\x99\xbe\xe5\x88\x86\xe4\xb9\x8b\xe4\xb9\x9d\xe5\x8d\x81\xe7\x9a\x84\xe5\x80\x8b\xe4\xba\xba\xe5\x89\xb5\xe6\x84\x8f\xe3\x80\x82\xe4\xbb\x96\xe8\xaa\x8d\xe7\x82\xba\xe6\xbb\x91\xe6\x9d\xbf\xe8\x88\x87\xe9\x9f\xb3\xe6\xa8\x82MV\xe7\x9b\xb8\xe6\x8f\x90\xe4\xb8\xa6\xe8\xab\x96\xe7\x9a\x84\xe8\xa9\xb1\xef\xbc\x8c\xe5\x85\xa9\xe8\x80\x85\xe7\x9a\x84\xe5\x85\xb1\xe9\x80\x9a\xe9\xbb\x9e\xe5\xb0\xb1\xe6\x98\xaf\xef\xbc\x9a\xe5\xae\x83\xe5\x80\x91\xe7\x9a\x84\xe5\x9f\xba\xe8\xaa\xbf\xe9\x83\xbd\xe6\x98\xaf\xe5\xbc\xb7\xe8\xaa\xbf\xe7\xaf\x80\xe5\xa5\x8f\xe8\x88\x87\xe9\xa2\xa8\xe6\xa0\xbc\xe3\x80\x82\xe8\x80\x8c\xe8\xba\xab\xe7\x82\xba ...'
b'\xe4\xb8\x80\xe5\xb9\xb4\xe4\xb8\x80\xe5\xba\xa6\xe6\x84\x9b\xe6\xb2\x99\xe5\xb0\xbc\xe4\xba\x9e\xe4\xb9\x8bSimple Session\xef\xbc\x9a\xe6\xbb\x91\xe6\x9d\xbf\xe6\xb1\xba\xe8\xb3\xbd\xe7\xb7\x9a\xe4\xb8\x8a\xe7\x9c\x8b\xef\xbc\x81',b'https://www.redbull.com/tw-zh/watch-simple-session-2015-live',b'\xe4\xb8\x80\xe5\xb9\xb4\xe4\xb8\x80\xe5\xba\xa6\xe6\x84\x9b\xe6\xb2\x99\xe5\xb0\xbc\xe4\xba\x9e\xe4\xb9\x8bSimple Session\xef\xbc\x9a\xe6\xbb\x91\xe6\x9d\xbf\xe6\xb1\xba\xe8\xb3\xbd\xe7\xb7\x9a\xe4\xb8\x8a\xe7\x9c\x8b\xef\xbc\x81 \xe5\x80\x92\xe6\x95\xb8\xe6\x9c\x80\xe5\xbe\x8c\xe4\xb8\x80\xe5\xa4\xa9\xef\xbc\x8cSimple Session 2015\xe5\x8d\xb3\xe5\xb0\x87\xe7\xb7\x9a\xe4\xb8\x8a\xe7\x9b\xb4\xe6\x92\xad\xe7\xb2\xbe\xe9\x87\x87\xe7\x9a\x84\xe6\xbb\x91\xe6\x9d\xbf\xe6\xb1\xba\xe8\xb3\xbd\xef\xbc\x8c\xe7\xb4\x84\xe9\xbd\x8a\xe4\xbd\xa0\xe7\x9a\x84\xe7\x8e\xa9\xe6\x9d\xbf\xe5\xa5\xbd\xe5\x8f\x8b\xe5\x80\x91\xef\xbc\x8c\xe4\xb8\x80\xe8\xb5\xb7\xe4\xbe\x86\xe7\x9c\x8b2015 ...'
b'\xe6\x9d\xbf\xe6\xbd\xae\xe4\xbe\x86\xe8\xa5\xb2\xe4\xb9\x8b\xe9\xa3\x9b\xe8\xb6\x8a\xe9\x96\x93\xe8\xb7\x9d\xef\xbc\x9aRed Bull Mind the Gap X 2021 \xe9\xab\x98\xe9\x9b\x84 ...',b'https://www.redbull.com/tw-zh/mind-the-gap-kaohsiung-2021',b'\xe5\x9c\xa8\xe6\xbb\x91\xe6\x9d\xbf\xe7\x9a\x84\xe4\xb8\x96\xe7\x95\x8c\xe8\xa3\xa1\xef\xbc\x8c\xe3\x80\x8cmind the gap\xe3\x80\x8d\xef\xbc\x88\xe6\xb3\xa8\xe6\x84\x8f\xe9\x96\x93\xe9\x9a\x99\xef\xbc\x89\xe4\xbb\xa3\xe8\xa1\xa8\xe8\x91\x97\xe4\xb8\x80\xe7\xa8\xae\xe8\xa9\xa6\xe5\x9c\x96\xe7\xaa\x81\xe7\xa0\xb4\xe5\x80\x8b\xe4\xba\xba\xe6\xa5\xb5\xe9\x99\x90\xe7\x9a\x84\xe6\x8c\x91\xe6\x88\xb0\xef\xbc\x8c\xe4\xbd\xa0\xe5\x8f\xaf\xe4\xbb\xa5\xe4\xbb\xbb\xe6\x84\x8f\xe9\x81\x8b\xe7\x94\xa8\xe5\x80\x8b\xe4\xba\xba\xe6\x93\x85\xe9\x95\xb7\xe7\x9a\x84\xe6\x9d\xbf\xe6\x8a\x80\xef\xbc\x8c\xe4\xb8\x80\xe8\xba\x8d\xe8\x80\x8c\xe9\x81\x8e\xe8\xa1\x97\xe9\xa0\xad\xe9\x9a\xa8\xe8\x99\x95\xe5\x8f\xaf\xe8\xa6\x8b\xe7\x9a\x84\xe9\x81\xa0\xe8\xb7\x9d\xe9\x9a\x9c\xe7\xa4\x99\xe3\x80\x82'
b'\xe6\xbb\x91\xe5\x90\x91\xe6\x9d\xb1\xe5\x8d\x97\xe4\xba\x9e\xe7\x94\x8c\xe9\x9b\x92\xe5\x8f\xa4\xe5\x9c\x8b\xef\xbc\x9a\xe8\xb6\x8a\xe5\x8d\x97\xe6\xbb\x91\xe6\x9d\xbf\xe4\xb9\x8b\xe6\x97\x85\xe5\x85\xa8\xe4\xb8\x89\xe9\x9b\x86',b'https://www.redbull.com/tw-zh/galleries/far-east-coast-skate-vietnam-video-chapter-1-gallery-c7',b'\xe4\xbe\x86\xe7\x9c\x8bSk8Mafia\xe7\x9a\x84Jimmy Cao\xe3\x80\x81\xe8\x8b\xb1\xe5\x9c\x8b\xe7\x9a\x84Daryl Dominguez\xe3\x80\x81\xe6\xbe\xb3\xe6\xb4\xb2\xe7\x9a\x84Dennis Durrant\xe5\x92\x8cAlex Lawton\xef\xbc\x8c\xe4\xbb\xa5\xe5\x8f\x8a\xe6\x8d\xb7\xe5\x85\x8b\xe7\x9a\x84Maxim Habanec\xe5\x89\x8d\xe5\xbe\x80\xe4\xb8\xad\xe5\x8d\x97\xe5\x8d\x8a\xe5\xb3\xb6\xe7\x9a\x84\xe5\x86\x92\xe9\x9a\xaa\xe3\x80\x82'
b'Maxim Habanec',b'https://www.redbull.com/tw-zh/athlete/maxim-habanec',b'\xe7\x95\xb6\xe4\xbb\x96\xe7\x9a\x84\xe8\xa1\xa8\xe7\x8f\xbe\xe5\x9c\xa8\xe5\xb8\x83\xe6\x8b\x89\xe6\xa0\xbc2012 Adidas \xe6\xbb\x91\xe6\x9d\xbf\xe5\xa4\xa7\xe8\xb3\xbd\xe6\x8b\xbf\xe4\xb8\x8b\xe8\xa1\x97\xe9\x81\x93\xe5\x86\xa0\xe8\xbb\x8d\xe4\xb9\x8b\xe6\x99\x82\xef\xbc\x8c\xe4\xb9\x9f\xe8\xae\x93\xe5\xa4\xa7\xe5\xae\xb6\xe9\xa0\x90\xe8\xa6\x8bMax\xe7\x9a\x84\xe9\xa2\xa8\xe6\xa0\xbc\xe5\xb0\x87\xe8\xa5\xb2\xe6\x8d\xb2\xe6\x8d\xb7\xe5\x85\x8b\xe6\xbb\x91\xe6\x9d\xbf\xe5\x9c\x88\xe3\x80\x82 Max \xe7\x9b\xae\xe5\x89\x8d\xe4\xbd\x8f\xe5\x9c\xa8\xe5\xb8\x83\xe6\x8b\x89\xe6\xa0\xbc\xef\xbc\x8c\xe9\x9a\xa8\xe8\x91\x97\xe6\xbb\x91\xe6\x9d\xbf\xe7\x94\x9f\xe6\xb6\xaf\xe5\x9b\x9b\xe8\x99\x95\xe6\x97\x85\xe8\xa1\x8c\xef\xbc\x8c\xe5\x90\x8c\xe6\x99\x82\xe4\xbb\x96\xe4\xb9\x9f\xe7\x86\xb1\xe6\x84\x9b\xe6\xbb\x91\xe9\x9b\xaa\xe5\x92\x8c\xe8\xa1\x9d\xe6\xb5\xaa ...'
b'\xe9\xa6\x96\xe5\xb1\x86\xe5\xa5\xa7\xe9\x81\x8b\xe6\xbb\x91\xe6\x9d\xbf\xe8\xa1\x97\xe9\x81\x93\xe8\xb3\xbd\xe9\x8a\x85\xe7\x89\x8c\xe4\xb8\xbb\xef\xbc\x9aJaager Eaton \xe7\x9a\x84\xe8\xb3\xbd\xe4\xba\x8b\xe6\x88\xb0\xe9\xac\xa5\xe5\x8a\x9b\xe9\xa4\x8a\xe6\x88\x90',b'https://www.redbull.com/tw-zh/jagger-eaton-feature',b'\xe8\xb3\x88\xe6\xa0\xbc\xe7\x88\xbe\xef\xbc\x8e\xe4\xbc\x8a\xe9\xa0\x93\xef\xbc\x88Jagger Eaton\xef\xbc\x89\xe7\x94\x9f\xe4\xbe\x86\xe5\xb0\xb1\xe6\x98\xaf\xe4\xbd\x9c\xe9\x81\xb8\xe6\x89\x8b\xe7\x9a\x84\xe6\x96\x99\xe3\x80\x82\xe8\xba\xab\xe7\x82\xba\xe6\x9b\xbe\xe5\x8f\x83\xe5\x8a\xa0\xe9\x81\x8e\xe5\xa5\xa7\xe9\x81\x8b\xe4\xb8\xa6\xe6\x93\x94\xe4\xbb\xbb\xe9\x81\x8e\xe5\xa5\xa7\xe9\x81\x8b\xe9\xab\x94\xe6\x93\x8d\xe6\x95\x99\xe7\xb7\xb4\xe4\xb9\x8b\xe5\xad\x90\xef\xbc\x8c\xe4\xbb\x96\xe6\x9c\x80\xe6\x97\xa9\xe7\x9a\x84\xe8\xa8\x98\xe6\x86\xb6\xe4\xbe\xbf\xe6\x98\xaf\xe5\x9c\xa8\xe4\xba\x9e\xe5\x88\xa9\xe6\xa1\x91\xe9\x82\xa3\xe5\xb7\x9e\xe6\xa2\x85\xe8\x96\xa9\xe9\x99\x84\xe8\xbf\x91\xe7\x9a\x84\xe5\xae\xb6\xe6\x97\x8f\xe5\x81\xa5\xe8\xba\xab\xe6\x88\xbfKTR\xef\xbc\x88 ...'
b'Leticia Bufoni\xe7\x9a\x84\xe7\xa9\xba\xe4\xb8\xad\xe6\xbb\x91\xe6\x9d\xbf\xe9\x85\xb7\xe7\x88\x86\xe4\xba\x86\xef\xbc\x81',b'https://www.redbull.com/tw-zh/videos/leticia-bufoni-sky-grind-skateboarding-video',b'\xe5\xb7\xb4\xe8\xa5\xbf\xe6\xbb\x91\xe6\x9d\xbf\xe6\x98\x8e\xe6\x98\x9fLeticia Bufoni\xe7\x99\xbb\xe4\xb8\x8a\xe9\xa3\x9b\xe6\xa9\x9f\xef\xbc\x8c\xe5\x9c\xa8\xe9\x9b\xa2\xe5\x9c\xb02750 \xe5\x85\xac\xe5\xb0\xba\xe7\x9a\x84\xe9\xab\x98\xe7\xa9\xba\xe6\x89\x93\xe7\xa3\xa8\xe8\xbb\x8c\xe9\x81\x93\xef\xbc\x8c\xe7\x84\xb6\xe5\xbe\x8c\xe7\x80\x9f\xe7\x81\x91\xe8\x87\xaa\xe7\x94\xb1\xe8\x90\xbd\xe9\xab\x94\xe9\x99\x8d\xe8\x90\xbd\xe3\x80\x82'
b'\xe5\x8e\x9f\xe6\xb1\x81\xe5\x8e\x9f\xe5\x91\xb3\xe7\x9a\x84\xe5\x8f\x8d\xe5\x8b\x95\xef\xbc\x9aSkate and Destroy\xe8\xa1\x97\xe6\xbb\x91\xe6\xb0\xa3\xe9\xad\x84\xe7\x9a\x84\xe4\xba\x94\xe9\x83\xa8\xe5\xbd\xb1\xe7\x89\x87',b'https://www.redbull.com/tw-zh/5-videos-showed-skate-and-destroy',b'\xe3\x80\x8cSkate and Destroy\xe3\x80\x8d\xe4\xb8\x8d\xe5\x83\x85\xe5\x83\x85\xe5\x8f\xaa\xe6\x98\xaf\xe8\xae\x93\xe4\xba\xba\xe9\xab\x94\xe9\xa9\x97\xe8\xa1\x97\xe9\xa0\xad\xe6\xbb\x91\xe6\x9d\xbf\xe7\x9a\x84\xe9\x9b\xbb\xe7\x8e\xa9\xe9\x81\x8a\xe6\x88\xb2\xe5\x90\x8d\xe7\xa8\xb1\xef\xbc\x8c\xe6\x9b\xb4\xe6\x98\xaf\xe6\xbb\x91\xe6\x9d\xbf\xe4\xba\xba\xe7\x9a\x84\xe4\xb8\x80\xe7\xa8\xae\xe7\x94\x9f\xe6\xb4\xbb\xe9\xa2\xa8\xe6\xa0\xbc\xe9\xab\x94\xe7\x8f\xbe\xef\xbc\x8c\xe4\xb8\x80\xe7\xa8\xae\xe7\xb4\x94\xe7\xb2\xb9\xe7\x9a\x84\xe8\xa1\x97\xe6\xbb\x91\xe9\xad\x82\xe3\x80\x82'
b'\xe6\xbb\x91\xe6\x9d\xbf\xe5\xb0\xb1\xe6\x98\xaf\xe4\xb8\x80\xe5\x88\x87\xef\xbc\x9a\xe8\x8f\xb2\xe5\xbe\x8b\xe8\xb3\x93\xe5\xa5\xb3\xe5\xad\x90\xe6\xbb\x91\xe6\x9d\xbf\xe4\xbb\xa3\xe8\xa1\xa8Margie Didal \xe5\xb0\x88\xe8\xa8\xaa',b'https://www.redbull.com/tw-zh/field-day-margielyn-didal',b'Margie \xe7\x9b\xae\xe5\x89\x8d\xe4\xbd\x8d\xe6\x96\xbc\xe4\xb8\x8d\xe5\x90\x8c\xe6\x99\x82\xe5\x8d\x80\xe7\x9a\x84\xe8\x8f\xb2\xe5\xbe\x8b\xe8\xb3\x93\xe5\xae\xbf\xe5\x8b\x99\xe7\x9c\x81\xef\xbc\x8c\xe6\x88\x91\xe5\x80\x91\xe4\xbb\xa5\xe5\x95\x8f\xe8\x88\x87\xe7\xad\x94\xe9\x80\xb2\xe8\x80\x8c\xe8\xae\x8a\xe6\x88\x90\xe8\xaa\x9e\xe9\x9f\xb3\xe8\xa8\x8a\xe6\x81\xaf\xe4\xb8\x80\xe4\xbe\x86\xe4\xb8\x80\xe5\xbe\x80\xe7\x9a\x84\xe6\x96\xb9\xe5\xbc\x8f\xe4\xbd\x9c\xe8\xa8\xaa\xe5\x95\x8f\xe3\x80\x82\xe9\x9b\x96\xe7\x84\xb6\xe5\xa5\xb9\xe8\xba\xab\xe7\x82\xbaRed Bull \xe6\x97\x97\xe4\xb8\x8b\xe9\x81\xb8\xe6\x89\x8b\xe4\xb9\x8b\xe4\xb8\x80\xef\xbc\x8c\xe8\x97\x89\xe7\x94\xb1\xe9\x80\x99\xe4\xba\x9b\xe5\xb0\x8d\xe8\xa9\xb1\xef\xbc\x8c\xe5\xa5\xb9\xe5\xaf\xa6\xe9\x9a\x9b\xe4\xb8\x8a ...'
b'\xe6\xbb\x91\xe6\x9d\xbf\xe6\xb0\xb4\xe4\xb8\x8a\xe9\xa3\x9b: \xe8\x8a\xac\xe8\x98\xad\xe4\xba\xba\xe7\x9a\x84\xe6\xb6\x88\xe6\x9a\x91\xe6\x96\xb0\xe7\x8e\xa9\xe6\xb3\x95\xe3\x80\x82',b'https://www.redbull.com/tw-zh/%E6%BB%91%E6%9D%BF%E6%B0%B4%E4%B8%8A%E9%A3%9B-%E8%8A%AC%E8%98%AD%E4%BA%BA%E7%9A%84%E6%B6%88%E6%9A%91%E6%96%B0%E7%8E%A9%E6%B3%95%E3%80%82',b'\xe6\x9a\xab\xe9\x9b\xa2\xe9\x9b\x99\xe8\x85\xb3\xe8\xb8\xa9\xe8\xb8\x8f\xe7\x9a\x84\xe5\x9c\x9f\xe5\x9c\xb0\xef\xbc\x8c Jaakko Ojanen\xe3\x80\x81 Willis Kimbel \xe5\x92\x8c Farid Ulrich\xe8\xb7\x9f\xe8\x91\x97\xe5\xbe\x9eRoope\xe5\xae\xb6\xe4\xb8\x80\xe8\xb5\xb7\xe8\x88\xaa\xe9\x80\xb2\xe6\xb0\xb4\xe4\xb8\xad\xe6\xa3\xae\xe6\x9e\x97\xe3\x80\x82\xe4\xb8\xad\xe9\x80\x94\xe9\x9b\x96\xe6\x9c\x89\xe8\xbf\xb7\xe8\xb7\xaf\xef\xbc\x8c\xe8\x9c\xbf\xe8\x9c\x92\xe7\x9a\x84\xe8\xb7\xaf\xe7\xb7\x9a\xe8\xae\x93\xe4\xbb\x96\xe5\x80\x91\xe5\x9c\xa8\xe8\x88\xb9\xe4\xb8\x8a\xe5\xbe\x85\xe4\xba\x86\xe6\x95\xb8\xe5\xa4\xa9\xef\xbc\x8c ...'
b'Red Bull Solus\xef\xbc\x9a\xe7\x94\xb7\xe5\xad\x90\xe7\xb5\x84\xe6\xbb\x91\xe6\x9d\xbf\xe6\xbf\x80\xe9\xac\xa5\xe4\xb9\x8b\xe7\xab\xb6\xe8\xb3\xbd\xe7\xb5\x82\xe4\xba\x86\xe8\x88\x87\xe5\x9b\x9e\xe9\xa1\xa7',b'https://www.redbull.com/tw-zh/red-bull-solus-recap',b'\xe7\xb6\x93\xe9\x81\x8e\xe8\xa7\x80\xe7\x9c\xbe\xe7\xa5\xa8\xe9\x81\xb8\xe7\xb5\x90\xe6\x9e\x9c\xe5\x8f\x8a\xe4\xb8\x89\xe4\xbd\x8d\xe8\xa9\x95\xe5\xaf\xa9X Games \xe5\x9b\x9b\xe5\xb1\x86\xe5\xa5\xaa\xe7\x89\x8c\xe8\xb3\x87\xe6\xb7\xb1\xe9\x81\xb8\xe6\x89\x8bVanessa Torres\xe3\x80\x81\xe6\xbb\x91\xe6\x9d\xbf\xe5\x9c\x98\xe9\x9a\x8a\xe8\xb3\x87\xe6\xb7\xb1\xe7\xb6\x93\xe7\x90\x86Mike Sinclair\xe3\x80\x81\xe8\xb3\x87\xe6\xb7\xb1\xe6\xbb\x91\xe6\x9d\xbf\xe9\x81\xb8\xe6\x89\x8bJason Rothmeyer \xe7\x9a\x84\xe8\xa9\x95\xe6\xaf\x94\xe7\xb5\x90\xe6\x9e\x9c\xef\xbc\x8c\xe5\xa5\xb3\xe5\xad\x90\xe7\xb5\x84 ...'
b'Making Of Sewas Sequence - RedBull.com',b'https://www.redbull.com/tw-zh/videos/making-of-sewas-sequence',b'Making Of Sewas Sequence. Making Of Sewas Sequence. 3:14\xe5\x88\x86\xe9\x90\x98. \xe6\xbb\x91\xe6\x9d\xbf\xe9\x81\x8b\xe5\x8b\x95. \xe9\x85\xb7\xe7\x82\xab\xe9\x9b\x86\xe9\x8c\xa6\xef\xbc\x81\xe4\xbe\x86\xe8\x87\xaa2020\xe7\x9a\x84Red Bull Bowl Ripp\xe2\x80\xa6 \xe8\xb7\x9f\xe8\x91\x97\xe6\x9d\xb1\xe9\x81\x93\xe4\xb8\xbb\xe9\x81\xb8\xe6\x89\x8b\xef\xbc\x8c\xe4\xbe\x86\xe8\x87\xaa\xe9\xa6\xac\xe8\xb3\xbd\xe7\x9a\x84Vincent Matheron ...'
b'9\xe9\xbb\x9e\xe5\x88\xb05\xe9\xbb\x9e\xe7\x9a\x84\xe7\x94\x9f\xe5\xad\x98\xef\xbc\x8c\xe6\x9c\x89\xe6\x9b\xb4\xe5\xa5\xbd\xe7\x9a\x84\xe6\x96\xb9\xe5\xbc\x8f\xe3\x80\x82',b'https://www.redbull.com/tw-zh/9-to-5-to-survive-gotta-be-a-better-way',b'Red Bull\xe6\xbb\x91\xe6\x9d\xbf\xe5\x9c\x98\xe9\x9a\x8a\xe5\x8c\x85\xe5\x90\xabRyan Sheckler\xe3\x80\x81Felipe Gustavo\xe3\x80\x81Joey Brezinski\xe3\x80\x81Corbin Harris\xe3\x80\x81Alex Midler\xe3\x80\x81Ryder Lawson\xe3\x80\x81Gard Hvaara \xe4\xbb\xa5\xe5\x8f\x8aSewa Kroetkov\xef\xbc\x8c ...'
b'\xe4\xb8\x80\xe6\x8e\xa2\xe7\xa9\xb6\xe7\xab\x9f\xe4\xb9\x8b\xe7\xb4\x8d\xe4\xb9\x9f\xe7\xb4\x8d\xe6\xbb\x91\xe6\x9d\xbf\xe7\x9a\x84\xe7\xbe\x8e\xe9\xba\x97\xe9\xa2\xa8\xe5\x85\x89',b'https://www.redbull.com/tw-zh/greetings-from-vienna-a-skateboard-city-video-portrait',b'\xe7\x95\xb6\xe5\x9c\xb0\xe7\x94\xb1Frido Fiebinger\xe5\x92\x8cMatthew Collins\xe8\x87\xaa\xe7\xb5\x84\xe4\xba\x86\xe4\xb8\x80\xe5\x80\x8b\xe5\x9c\x98\xe9\x9a\x8a\xef\xbc\x8c\xe5\x9c\xa8\xe7\xb6\xad\xe4\xb9\x9f\xe7\xb4\x8d\xe5\x9f\x8e\xe5\xb8\x82\xe8\xa3\xa1\xe6\x89\x93\xe9\x80\xa0\xe4\xba\x86\xe6\x95\xb8\xe5\xba\xa7\xe7\x9f\xa5\xe5\x90\x8d\xe7\x9a\x84DIY\xe6\x9d\xbf\xe9\xbb\x9e\xef\xbc\x8c\xe7\x88\xbe\xe5\xbe\x8c\xe4\xbb\x96\xe5\x80\x91\xe7\xb4\xa2\xe6\x80\xa7\xe6\x88\x90\xe7\xab\x8b\xe4\xb8\x80\xe5\x80\x8b\xe4\xbb\xa5Spoff Club\xe7\x82\xba\xe5\x90\x8d\xe5\x9c\x98\xe9\x9a\x8a\xef\xbc\x8c\xe5\xb0\x88\xe6\x94\xbb\xe5\xbb\xba\xe8\x93\x8b ...'
b'Flamenco Tour Chapter 1 - RedBull.com',b'https://www.redbull.com/tw-zh/videos/flamenco-tour-chapter-1',b'Flamenco Tour Chapter 1. Flamenco Tour Chapter 1. 5:12\xe5\x88\x86\xe9\x90\x98. \xe6\xbb\x91\xe6\x9d\xbf\xe9\x81\x8b\xe5\x8b\x95. \xe9\x85\xb7\xe7\x82\xab\xe9\x9b\x86\xe9\x8c\xa6\xef\xbc\x81\xe4\xbe\x86\xe8\x87\xaa2020\xe7\x9a\x84Red Bull Bowl Ripp\xe2\x80\xa6 \xe8\xb7\x9f\xe8\x91\x97\xe6\x9d\xb1\xe9\x81\x93\xe4\xb8\xbb\xe9\x81\xb8\xe6\x89\x8b\xef\xbc\x8c\xe4\xbe\x86\xe8\x87\xaa\xe9\xa6\xac\xe8\xb3\xbd\xe7\x9a\x84Vincent Matheron\xe4\xb8\x80\xe8\xb5\xb7 ...'
b'The Silky Way: Chapter 2 - RedBull.com',b'https://www.redbull.com/tw-zh/videos/the-silky-way-chapter-2',b'The Silky Way: Chapter 2. The Silky Way: Chapter 2. 7:36\xe5\x88\x86\xe9\x90\x98. \xe6\xbb\x91\xe6\x9d\xbf\xe9\x81\x8b\xe5\x8b\x95. \xe9\x85\xb7\xe7\x82\xab\xe9\x9b\x86\xe9\x8c\xa6\xef\xbc\x81\xe4\xbe\x86\xe8\x87\xaa2020\xe7\x9a\x84Red Bull Bowl Ripp\xe2\x80\xa6 \xe8\xb7\x9f\xe8\x91\x97\xe6\x9d\xb1\xe9\x81\x93\xe4\xb8\xbb\xe9\x81\xb8\xe6\x89\x8b\xef\xbc\x8c\xe4\xbe\x86\xe8\x87\xaa\xe9\xa6\xac\xe8\xb3\xbd\xe7\x9a\x84Vincent Matheron ...'
b'\xe7\x8c\xb6\xe5\xa4\xaa\xe8\x81\x96\xe5\x9c\x9f\xe4\xb9\x8b\xe5\xa2\x83\xef\xbc\x9a\xe4\xbb\xa5\xe8\x89\xb2\xe5\x88\x97\xe6\xbb\x91\xe6\x9d\xbf\xe4\xb9\x8b\xe6\x97\x85\xe5\x85\xa8\xe4\xb8\x89\xe9\x9b\x86',b'https://www.redbull.com/tw-zh/shekel-me-not-israel-skate-trip-chapter-1',b'\xe7\x8c\xb6\xe5\xa4\xaa\xe8\x81\x96\xe5\x9c\x9f\xe4\xb9\x8b\xe5\xa2\x83\xef\xbc\x9a\xe4\xbb\xa5\xe8\x89\xb2\xe5\x88\x97\xe6\xbb\x91\xe6\x9d\xbf\xe4\xb9\x8b\xe6\x97\x85\xe5\x85\xa8\xe4\xb8\x89\xe9\x9b\x86 \xc2\xb7 \xe9\xbb\x9e\xe6\x93\x8a\xe4\xb8\x8a\xe6\x96\xb9\xe5\xbd\xb1\xe7\x89\x87\xe8\xa7\x80\xe7\x9c\x8b\xe7\xac\xac\xe4\xb8\x80\xe9\x9b\x86\xef\xbc\x8c\xe4\xbb\xa5\xe8\x89\xb2\xe5\x88\x97\xe6\xbb\x91\xe6\x9d\xbf\xe9\x81\xb8\xe6\x89\x8bBoaz Aquino\xe4\xb9\x9f\xe5\x9c\xa8\xe9\x8f\xa1\xe9\xa0\xad\xe5\x89\x8d\xe5\xb1\x95\xe7\x8f\xbe\xe4\xbf\x90\xe8\x90\xbd\xe7\x9a\x84Crooked Grind\xe3\x80\x82 \xc2\xb7 \xe7\xac\xac\xe4\xba\x8c\xe9\x9b\x86\xef\xbc\x9a\xe5\x88\xbb\xe6\x9d\xbf\xe5\x8d\xb0\xe8\xb1\xa1\xe8\x88\x87\xe6\x9d\xbf ...'
b'\xe4\xb8\x80\xe7\xaa\xbaRyan Sheckler \xe4\xb9\x8b\xe3\x80\x8aYou Good?\xe3\x80\x8b\xe7\x89\x87\xe6\xae\xb5\xe7\x9a\x84\xe5\x8e\x9f\xe7\x89\x87\xe5\x91\x88\xe7\x8f\xbe',b'https://www.redbull.com/tw-zh/you-good-raw-edit-ryan-sheckler',b'\xe4\xb9\x9f\xe8\xa8\xb1\xe6\x88\x91\xe5\x80\x91\xe5\x8f\xaf\xe4\xbb\xa5\xe8\xaa\xaa\xef\xbc\x8c\xe6\x88\x90\xe7\x82\xba\xe8\x81\xb7\xe6\xa5\xad\xe6\xbb\x91\xe6\x9d\xbf\xe9\x81\xb8\xe6\x89\x8b\xe6\x98\xafRyan Sheckler \xe7\x9a\x84\xe5\xa4\xa9\xe5\x91\xbd\xef\xbc\x9a\xe4\xbb\x96\xe5\x8f\xaf\xe8\x83\xbd\xe5\x87\xba\xe7\x94\x9f\xe6\xb2\x92\xe5\xa4\x9a\xe4\xb9\x85\xe5\xb0\xb1\xe6\xb8\xbe\xe7\x84\xb6\xe5\xa4\xa9\xe6\x88\x90\xe4\xba\x86\xe3\x80\x82\xe8\x81\xb7\xe6\xa5\xad\xe6\xbb\x91\xe6\x9d\xbf\xe9\x9c\x80\xe8\xa6\x81\xe6\x8a\x95\xe5\x85\xa5\xe5\xa4\xa7\xe9\x87\x8f\xe7\x9a\x84\xe5\xbf\x83\xe5\x8a\x9b\xef\xbc\x8c\xe7\x84\xa1\xe8\xab\x96\xe9\x81\xb8\xe6\x89\x8b\xe6\x9c\xac\xe8\xba\xab\xe6\x93\x81\xe6\x9c\x89\xe5\xa4\x9a\xe5\x87\xba\xe8\x89\xb2\xe7\x9a\x84\xe5\xa4\xa9\xe4\xbb\xbd\xef\xbc\x9b ...'
b'\xe5\x90\x91\xe9\x9d\x92\xe6\x98\xa5\xe8\x87\xb4\xe6\x95\xac\xe8\x80\x8c\xe7\xaf\x89\xef\xbc\x9a\xe5\xa5\xa7\xe6\x96\xaf\xe9\x99\xb8\xe6\xbb\x91\xe6\x9d\xbf\xe6\xae\xbf\xe5\xa0\x82',b'https://www.redbull.com/tw-zh/oslo-skatehall-culture',b'\xe9\x80\x99\xe5\xba\xa7\xe4\xbb\xa5\xe6\xbb\x91\xe6\x9d\xbf\xe6\x96\x87\xe5\x8c\x96\xe7\x82\xba\xe6\xa0\xb8\xe5\xbf\x83\xe6\xa6\x82\xe5\xbf\xb5\xe6\x89\x80\xe5\xbb\xba\xe9\x80\xa0\xe7\x9a\x84\xe6\x99\xaf\xe8\xa7\x80\xe5\xbb\xba\xe7\xaf\x89\xe3\x80\x8c\xe5\xa5\xa7\xe6\x96\xaf\xe9\x99\xb8\xe6\xbb\x91\xe6\x9d\xbf\xe6\xae\xbf\xe5\xa0\x82\xe3\x80\x8d\xe5\x8f\xaf\xe8\xaa\xaa\xe6\x98\xaf\xe5\xbb\xba\xe7\xaf\x89\xe8\x97\x9d\xe8\xa1\x93\xe8\x88\x87\xe5\xb0\x88\xe6\xa5\xad\xe6\xbb\x91\xe6\x9d\xbf\xe8\xa8\xad\xe6\x96\xbd\xe7\x9b\xb8\xe8\xbc\x94\xe7\x9b\xb8\xe6\x88\x90\xe7\x9a\x84\xe5\xae\x8c\xe7\xbe\x8e\xe4\xb9\x8b\xe4\xbd\x9c\xef\xbc\x8c\xe4\xb9\x9f\xe6\x98\xaf\xe5\x90\x91\xe9\x82\xa3\xe4\xba\x9b\xe8\xb5\xb0\xe9\x81\x8e\xe5\x85\xab\xe9\x9b\xb6\xe5\xb9\xb4\xe4\xbb\xa3\xe3\x80\x81\xe7\x82\xba\xe4\xba\x86\xe7\x8e\xa9\xe6\x9d\xbf ...'
b'\xe6\xb3\x95\xe5\xb1\xac\xe7\x8e\xbb\xe9\x87\x8c\xe5\xb0\xbc\xe8\xa5\xbf\xe4\xba\x9e\xe6\xbb\x91\xe6\x9d\xbf\xe4\xb9\x8b\xe6\x97\x85\xef\xbc\x9a\xe4\xbe\x86\xe5\x8e\xbb\xe5\xa4\xa7\xe6\xba\xaa\xe5\x9c\xb0\xe6\x9b\xac\xe5\xa4\xaa\xe9\x99\xbd\xe5\x90\xa7\xef\xbc\x81',b'https://www.redbull.com/tw-zh/galleries/skateboarding-tahiti-chapter-1-gallery-c10',b'\xe5\x96\x9c\xe6\xad\xa1\xe9\x80\x99\xe4\xb8\x80\xe5\x91\xb3\xe7\x9a\x84\xe6\xb9\x9b\xe8\x97\x8d\xe6\x99\xb4\xe7\xa9\xba\xe4\xb9\x8b\xe5\x86\x92\xe9\x9a\xaa\xe8\xa1\x97\xe6\xbb\x91\xe5\xb9\xab\xef\xbc\x8c\xe6\x9c\x89\xe8\x87\xaa\xe5\xb7\xb1\xe4\xb8\x80\xe5\xa5\x97\xe8\xa9\xae\xe9\x87\x8b\xe9\x99\xbd\xe5\x85\x89\xe3\x80\x81\xe6\xb2\x99\xe7\x81\x98\xe5\x92\x8c\xe8\xa1\x9d\xe6\xb5\xaa\xe8\x81\x96\xe5\x9c\xb0\xe7\x9a\x84\xe9\x85\xb7\xe7\x8e\xa9\xe6\x96\xb9\xe5\xbc\x8f\xe3\x80\x82'
b'Madars Apse\xe7\x9a\x84\xe4\xb8\x80\xe6\x9c\x9f\xe4\xb8\x80\xe6\x9c\x83\xe4\xb9\x8b\xe7\x99\xbc\xe6\x98\x8e\xe5\xb1\xac\xe6\x96\xbc\xe8\x87\xaa\xe5\xb7\xb1\xe6\xbb\x91\xe6\x9d\xbf\xe6\x8b\x9b\xe5\xbc\x8f\xe7\x9a\x84\xe7\x83\x8f\xe5\xb9\xb2\xe9\x81\x94 ...',b'https://www.redbull.com/tw-zh/skate-tales-season-2-uganda-skateboard-society',b'\xe6\xbb\x91\xe6\x9d\xbf\xe4\xbb\xa4\xe4\xba\xba\xe8\xa6\xba\xe5\xbe\x97\xe7\xa5\x9e\xe5\xa5\x87\xe7\x9a\x84\xe4\xb8\x80\xe9\x9d\xa2\xe5\x9c\xa8\xe6\x96\xbc\xe8\x83\xbd\xe5\xa4\xa0\xe9\x9a\xa8\xe7\x92\xb0\xe7\x92\x84\xe7\x9a\x84\xe4\xb8\x8d\xe5\x90\x8c\xe5\x9b\xa0\xe5\x9c\xb0\xe8\x80\x8c\xe9\x81\xa9\xe3\x80\x82\xe5\xbe\x9e\xe5\xb7\xb4\xe8\xa5\xbf\xe7\x9a\x84\xe5\xa4\xa7\xe4\xb8\x8b\xe5\x9d\xa1\xe5\x88\xb0\xe6\x97\xa5\xe6\x9c\xac\xe5\x9f\x8e\xe5\xb8\x82\xe5\xaf\x86\xe9\x9b\x86\xe7\x9a\x84\xe5\xbb\xba\xe7\xaf\x89\xe7\xbe\xa4\xe5\xb8\x82\xe5\x8d\x80\xef\xbc\x8c\xe9\x80\x99\xe4\xb8\x80\xe9\x9b\x86\xe7\x9a\x84\xe6\xbb\x91\xe6\x9d\xbf\xe6\x95\x85\xe4\xba\x8b\xe5\x89\x87\xe7\x94\xb1\xe6\x8b\x89\xe8\x84\xab\xe7\xb6\xad\xe4\xba\x9e\xe7\x9a\x84\xe8\x81\xb7\xe6\xa5\xad\xe6\xbb\x91\xe6\x9d\xbf\xe9\x81\xb8\xe6\x89\x8b\xef\xbc\x8c\xe4\xb9\x9f\xe6\x98\xaf ...'
b'\xe3\x80\x8a\xe6\xbb\x91\xe6\x9d\xbf\xe4\xb9\x8b\xe5\xbf\x83\xe3\x80\x8b\xe4\xbf\x84\xe7\xbe\x85\xe6\x96\xaf\xe7\xaf\x87\xe4\xb8\x8b\xe9\x9b\x86',b'https://www.redbull.com/tw-zh/videos/%E3%80%8A%E6%BB%91%E6%9D%BF%E4%B9%8B%E5%BF%83%E3%80%8B%E4%BF%84%E7%BE%85%E6%96%AF%E7%AF%87%E4%B8%8B%E9%9B%86',b'\xe6\x9c\xac\xe7\xb6\xb2\xe7\xab\x99\xe4\xbd\xbf\xe7\x94\xa8\xe6\x8a\x80\xe8\xa1\x93\xe4\xb8\x8a\xe5\xbf\x85\xe8\xa6\x81\xe7\x9a\x84Cookie\xe3\x80\x82\xe5\x9c\xa8\xe6\x82\xa8\xe7\x9a\x84\xe5\x90\x8c\xe6\x84\x8f\xe4\xb8\x8b\xef\xbc\x8c\xe6\x9c\xac\xe7\xb6\xb2\xe7\xab\x99\xe5\xb0\x87\xe4\xbd\xbf\xe7\x94\xa8\xe9\xa1\x8d\xe5\xa4\x96\xe7\x9a\x84Cookie\xef\xbc\x88\xe5\x8c\x85\xe6\x8b\xac\xe7\xac\xac\xe4\xb8\x89\xe6\x96\xb9Cookie\xef\xbc\x89\xe6\x88\x96\xe9\xa1\x9e\xe4\xbc\xbc\xe6\x8a\x80\xe8\xa1\x93\xef\xbc\x8c\xe4\xbb\xa5\xe4\xbe\xbf\xe9\x81\x8b\xe4\xbd\x9c\xe6\x88\x91\xe5\x80\x91\xe7\x9a\x84\xe7\xb6\xb2\xe7\xab\x99\xef\xbc\x8c\xe7\x94\xa8\xe6\x96\xbc\xe8\xa1\x8c\xe9\x8a\xb7\xe7\x9b\xae\xe7\x9a\x84\xef\xbc\x8c\xe4\xb8\xa6\xe6\x94\xb9\xe5\x96\x84\xe6\x82\xa8\xe7\x9a\x84\xe7\xb7\x9a\xe4\xb8\x8a\xe9\xab\x94\xe9\xa9\x97\xe3\x80\x82\xe6\x82\xa8\xe5\x8f\xaf\xe4\xbb\xa5 ...'
b'\xe9\x81\x99\xe9\x81\xa0\xe7\x9a\x84\xe8\xac\x8e\xe6\xa8\xa3\xe5\x9c\x8b\xe5\xa2\x83\xef\xbc\x9a\xe9\xbb\x83\xe9\x87\x91\xe4\xb9\x8b\xe9\x82\xa6\xe7\xb7\xac\xe7\x94\xb8\xe6\xbb\x91\xe6\x9d\xbf\xe8\xa1\x8c',b'https://www.redbull.com/tw-zh/skate-myanmar-the-golden-skate-odyssey',b'Ali Drummond\xe7\x82\xba\xe4\xbb\x96\xe5\x80\x91\xe9\x80\x99\xe8\xb6\x9f\xe7\xb7\xac\xe7\x94\xb8\xe6\xbb\x91\xe6\x9d\xbf\xe4\xb9\x8b\xe6\x97\x85\xe7\x9a\x84\xe7\xb3\xbb\xe5\x88\x97\xe5\xbd\xb1\xe7\x89\x87\xe4\xb9\x9f\xe6\x89\xae\xe6\xbc\x94\xe4\xba\x86\xe9\x87\x8d\xe8\xa6\x81\xe7\x9a\x84\xe8\xaa\xaa\xe6\x9b\xb8\xe8\xa7\x92\xe8\x89\xb2\xef\xbc\x8c\xe8\x80\x8c\xe4\xbb\x96\xe6\x98\xaf\xe9\x80\x99\xe9\xba\xbc\xe5\xbd\xa2\xe5\xae\xb9\xe7\xb7\xac\xe7\x94\xb8\xe7\x9a\x84\xe7\xbe\x8e\xef\xbc\x9a\xe3\x80\x8c\xe9\x80\x99\xe8\xa3\xa1\xe6\xbb\xbf\xe6\x98\xaf\xe8\xb1\x90\xe5\xaf\x8c\xe7\x9a\x84\xe7\xbe\x8e\xe6\x99\xaf\xef\xbc\x9b\xe5\xbe\x9e\xe5\x8d\x83\xe5\xa5\x87\xe7\x99\xbe\xe8\xb1\x94\xe7\x9a\x84\xe8\x8a\xb1\xe6\x9c\xb5\xe8\xa3\xa1\xe3\x80\x81\xe7\xa3\x85\xe7\xa4\xa1\xe6\xb0\xa3\xe9\x97\x8a\xe7\x9a\x84 ...'
b'\xe5\xb8\x8c\xe8\x87\x98Propaganda\xe6\xbb\x91\xe6\x9d\xbf\xe9\x9a\x8a\xe6\x9d\xb1\xe6\xad\x90\xe6\xad\xb4\xe9\x9a\xaa\xe8\xa8\x98',b'https://www.redbull.com/tw-zh/%E5%B8%8C%E8%87%98propaganda%E6%BB%91%E6%9D%BF%E9%9A%8A%E6%9D%B1%E6%AD%90%E6%AD%B4%E9%9A%AA%E8%A8%98',b'\xe6\x9b\xb4\xe5\x83\x8f\xe5\xa6\x82\xe6\xad\xa4 ... \xe5\xbe\x9e\xe4\xb8\x80\xe5\x80\x8b\xe6\xbb\x91\xe6\x9d\xbf\xe4\xba\xba\xe8\xa1\x97\xe6\xbb\x91\xe7\x9a\x84\xe9\xa2\xa8\xe6\xa0\xbc\xef\xbc\x8c\xe4\xbe\xbf\xe8\x83\xbd\xe5\xb0\x8d\xe4\xbb\x96\xe7\x9c\x8b\xe5\xbe\x85\xe7\x8e\xa9\xe6\x9d\xbf\xe6\x89\x80\xe8\x91\x97\xe9\x87\x8d\xe7\x9a\x84\xe7\xb4\xb0\xe7\xaf\x80\xe7\x95\xa5\xe7\x9f\xa5\xe4\xb8\x80\xe4\xba\x8c\xe3\x80\x82 ... Leticia Bufoni\xe7\x9a\x84\xe7\xa9\xba\xe4\xb8\xad\xe6\xbb\x91\xe6\x9d\xbf\xe9\x85\xb7\xe7\x88\x86\xe4\xba\x86\xef\xbc\x81 ... \xe8\xa7\xa3\xe6\xa7\x8b\xe4\xb8\x80\xe7\xbe\xa4\xe4\xba\xba\xe6\x89\x80\xe7\x86\xb1\xe6\x84\x9b\xe3\x80\x81\xe7\xb4\xae\xe6\xa0\xb9\xe7\x94\x9f\xe5\xad\x98\xe8\x88\x87\xe5\x9c\xa8\xe5\x9c\xb0 ...'
b'solus-clips-womxn - \xe5\xa5\xb3\xe5\xad\x90\xe8\x88\x87\xe9\x85\xb7\xe5\x85\x92\xe6\xbb\x91\xe6\x9d\xbf\xe4\xb9\x8b\xe5\x8a\x9b\xe7\x9a\x84\xe7\xb5\x95\xe7\xbe\x8e\xe5\xb1\x95\xe7\x8f\xbe',b'https://www.redbull.com/tw-zh/solus-clips-womxn',b'\xe6\x9b\xb4\xe5\xa4\x9a\xe5\x8f\x97\xe6\xad\xa1\xe8\xbf\x8e\xe7\x9a\x84\xe6\x95\x85\xe4\xba\x8b ... \xe6\xbb\x91\xe6\x9d\xbf\xe6\x96\x87\xe5\x8c\x96\xe7\xb6\x93\xe6\xad\xb7\xe4\xb9\x9d\xe9\x9b\xb6\xe5\xb9\xb4\xe4\xbb\xa3\xe3\x80\x81\xe4\xb9\x9f\xe5\xb0\xb1\xe6\x98\xaf\xe6\x89\x80\xe8\xac\x82\xe7\x9a\x84\xe6\x8a\x80\xe8\xa1\x93\xe6\x9d\xbf\xe9\xbb\x83\xe9\x87\x91\xe5\xb9\xb4\xe4\xbb\xa3\xef\xbc\x8c\xe5\x9c\xa8\xe5\x8d\x83\xe7\xa6\xa7\xe5\xb9\xb4\xe4\xb9\x8b\xe5\xbe\x8c\xe9\x96\x8b\xe5\xa7\x8b\xe5\x90\xb9\xe8\xb5\xb7\xe5\xbe\xa9\xe5\x8f\xa4\xe9\xa2\xa8\xe6\xbd\xae\xef\xbc\x8c\xe4\xb8\xa6\xe8\xa1\x8d\xe7\x94\x9f\xe5\x87\xba\xe5\x90\x84\xe5\xbc\x8f\xe5\x90\x84\xe6\xa8\xa3\xe7\x94\x9a\xe8\x87\xb3\xe6\x9c\x89\xe4\xba\x9b\xe5\xa5\x87\xe7\x95\xb0\xe7\x9a\x84\xe6\xbb\x91\xe6\x9d\xbf\xe8\xba\xab\xe5\xbd\xa2\xe3\x80\x82\xe9\x82\xa3\xe9\xba\xbc ...'
b'\xe5\xbe\x8c\xe8\xbc\xaa\xe6\xbb\x91\xe8\xa1\x8c2.173\xe5\x85\xac\xe9\x87\x8c\xef\xbc\x81\xe5\xa4\xa7\xe7\xa5\x9eStricker \xe7\x98\x8b\xe7\x8b\x82\xe5\x85\xa8\xe7\xb4\x80\xe9\x8c\x84 - RedBull.com',b'https://www.redbull.com/tw-zh/videos/bernina-pass-manual-simon-stricker-world-record-attempt',b'Simon Stricker\xe7\x9a\x84\xe4\xbb\xbb\xe5\x8b\x99\xe6\x98\xaf\xe5\x83\x85\xe7\x94\xa8\xe5\x85\xa9\xe5\x80\x8b\xe5\xbe\x8c\xe8\xbc\xaa\xe6\xbb\x91\xe8\xa1\x8c\xe8\xb6\x85\xe9\x81\x8e1.5\xe5\x85\xac\xe9\x87\x8c\xef\xbc\x88\xe5\x8e\x9f\xe4\xb8\x96\xe7\x95\x8c\xe7\xb4\x80\xe9\x8c\x84\xef\xbc\x89\xe3\x80\x82\xe7\xb5\x90\xe6\x9e\x9c\xe5\xa4\xa7\xe7\xa5\x9e\xe6\xbb\x91\xe4\xba\x86\xe6\x95\xb4\xe6\x95\xb42.173\xe5\x85\xac\xe9\x87\x8c\xe4\xb9\x8b\xe5\xbe\x8c\xef\xbc\x8c\xe5\x89\x8d\xe8\xbc\xaa\xe6\x89\x8d\xe8\x91\x97\xe5\x9c\xb0\xe3\x80\x82\xe6\x9c\x80\xe9\xab\x98\xe6\x99\x82\xe9\x80\x9f\xe9\x81\x94\xe5\x88\xb0\xe4\xba\x8645\xe5\x85\xac\xe9\x87\x8c\xef\xbc\x81 \xe6\xbb\x91\xe6\x9d\xbf\xe9\x81\x8b\xe5\x8b\x95.'
b'\xe6\xaf\x8f\xe6\x9c\x88\xe5\xa0\xb4\xe6\xac\xa1\xe8\xa1\xa8',b'https://www.redbull.com/tw-zh/events/red-bull-mind-the-gap/2022-mind-the-gap-schedule',b'Red Bull Mind The Gap ; \xe6\x99\x82\xe9\x96\x93\xef\xbc\x9a2/25 \xef\xbc\x88\xe4\xba\x94\xef\xbc\x8919:00. \xe5\x9c\xb0\xe9\xbb\x9e\xef\xbc\x9a\xe6\x96\xb0\xe5\x8c\x97Poolpool\xef\xbc\x88\xe6\x96\xb0\xe5\x8c\x97\xe5\xb8\x82\xe6\x96\xb0\xe8\x8e\x8a\xe5\x8d\x80\xe7\xa6\x8f\xe6\x85\xa7\xe8\xb7\xaf\xe8\x88\x87\xe6\x96\xb0\xe7\x9f\xa5\xe4\xba\x8c\xe8\xb7\xaf\xe5\x8f\xa3\xef\xbc\x89 ; \xe6\x99\x82\xe9\x96\x93\xef\xbc\x9a3/5 (\xe5\x85\xad\xef\xbc\x8912:00. \xe5\x9c\xb0\xe9\xbb\x9e\xef\xbc\x9a\xe6\x96\xb0\xe7\xab\xb9\xe5\xb7\xa6\xe5\xb2\xb8\xe6\xb2\xb3\xe6\xbf\xb1\xe5\x85\xac\xe5\x9c\x92\xe2\x80\x94\xe2\x80\x94\xe6\xbb\x91\xe6\x9d\xbf\xe5\xa0\xb4\xef\xbc\x88\xe6\x96\xb0\xe7\xab\xb9 ...'
b'\xe5\xa4\xb1\xe8\x90\xbd\xe7\x9a\x84\xe9\x91\xbd\xe7\x9f\xb3\xe6\xb2\x99\xe6\xbc\xa0\xef\xbc\x9a\xe5\x8e\xbb\xe7\xb4\x8d\xe7\xb1\xb3\xe6\xaf\x94\xe4\xba\x9e\xe7\x8e\xa9\xe6\xbb\x91\xe6\x9d\xbf',b'https://www.redbull.com/tw-zh/skate-namibia-video-from-a-skate-trip-into-the-desert',b'\xe6\x9b\xb4\xe5\x83\x8f\xe5\xa6\x82\xe6\xad\xa4. Beath the Ice cover art. ... \xe6\xb3\x95\xe5\x9c\x8b\xe6\xbb\x91\xe6\x9d\xbf\xe6\x94\x9d\xe5\xbd\xb1\xe5\xb8\xabKevin Metallier\xe5\x91\xa8\xe9\x81\x8a\xe5\x88\x97\xe5\x9c\x8b\xe7\x82\xba\xe6\xbb\x91\xe6\x9d\xbf\xe9\x81\xb8\xe6\x89\x8b\xe6\x8b\x8d\xe6\x94\x9d\xe7\x85\xa7\xe7\x89\x87\xef\xbc\x8c\xe4\xbb\x96\xe6\x96\xbc\xe5\x8e\xbb\xe5\xb9\xb4\xe5\x8d\x81\xe4\xb8\x80\xe6\x9c\x88\xe4\xb8\xad\xe5\x89\x8d\xe5\xbe\x80\xe5\x8f\xb0\xe7\x81\xa3\xe6\x9d\xb1\xe6\xb5\xb7\xe5\xb2\xb8\xe7\x82\xba\xe6\xb3\x95\xe5\x9c\x8b\xe8\xa1\x9d\xe6\xb5\xaa\xe9\x81\xb8\xe6\x89\x8b\xe6\x8b\x8d\xe6\x94\x9d ...'
b'\xe9\x85\xb7\xe7\x82\xab\xe9\x9b\x86\xe9\x8c\xa6\xef\xbc\x81\xe4\xbe\x86\xe8\x87\xaa2020\xe7\x9a\x84Red Bull Bowl Rippers',b'https://www.redbull.com/tw-zh/videos/red-bull-bowl-rippers-2020-marseille',b'\xe8\xb7\x9f\xe8\x91\x97\xe6\x9d\xb1\xe9\x81\x93\xe4\xb8\xbb\xe9\x81\xb8\xe6\x89\x8b\xef\xbc\x8c\xe4\xbe\x86\xe8\x87\xaa\xe9\xa6\xac\xe8\xb3\xbd\xe7\x9a\x84Vincent Matheron\xe4\xb8\x80\xe8\xb5\xb7\xe6\x8e\xa2\xe7\xb4\xa22020 Red Bull Bowl Rippers\xe7\x9a\x84\xe7\xb2\xbe\xe9\x87\x87\xe8\x8a\xb1\xe7\xb5\xae\xe3\x80\x82 \xe6\xbb\x91\xe6\x9d\xbf\xe9\x81\x8b\xe5\x8b\x95. \xe5\x84\xb2\xe5\xad\x98. Subtitles. \xe8\x8b\xb1\xe8\xaf\xad. European Works.'
b'\xe5\x90\x91\xe5\x89\x8d\xe6\x8e\xa8\xe9\x80\xb2\xef\xbc\x9a\xe6\xbb\x91\xe6\x9d\xbf\xe7\x94\xa2\xe6\xa5\xad\xe6\x98\xaf\xe8\xaa\xb0\xe4\xbe\x86\xe7\xb6\x93\xe7\x87\x9f\xef\xbc\x9f',b'https://www.redbull.com/tw-zh/pushing-forward-the-inmates-have-control-of-the-asylum-2017-05-07',b'The Berrics\xe6\x98\xafSteve Berra\xe8\x88\x87Eric Koston\xe6\x89\x80\xe5\x89\xb5\xe5\xbb\xba\xe7\x9a\x84\xe5\xae\xa4\xe5\x85\xa7\xe6\xbb\x91\xe6\x9d\xbf\xe5\xa0\xb4\xef\xbc\x8c\xe5\x90\x8c\xe6\x99\x82\xe4\xbb\x96\xe5\x80\x91\xe4\xb9\x9f\xe5\x90\x88\xe8\xb3\x87\xe5\xbb\xba\xe6\xa7\x8b\xe4\xba\x86\xe5\x90\x8c\xe5\x90\x8d\xe7\x9a\x84\xe7\xb7\x9a\xe4\xb8\x8a\xe6\xbb\x91\xe6\x9d\xbf\xe8\xb3\x87\xe8\xa8\x8a\xe5\xb9\xb3\xe5\x8f\xb0\xef\xbc\x8c\xe4\xb8\x8d\xe6\x99\x82\xe5\x9c\xb0\xe5\x9c\xa8The Berrics\xe8\xa3\xa1\xe8\x88\x89\xe8\xbe\xa6\xe6\xbb\x91\xe6\x9d\xbf\xe6\xaf\x94\xe8\xb3\xbd\xe4\xb8\xa6\xe5\xa0\xb1\xe5\xb0\x8e\xe6\x9c\x80\xe6\x96\xb0 ...'
b'\xe6\x99\xaf\xe6\xa1\x86\xe4\xb9\x8b\xe5\xa4\x96\xe7\x9a\x84\xe6\x85\x95\xe5\xb0\xbc\xe9\xbb\x91\xe6\xbb\x91\xe6\x9d\xbf\xe4\xba\xba\xef\xbc\x9aKilian Heuberger',b'https://www.redbull.com/tw-zh/kilian-heuberger-documentary',b'\xe5\x9c\xa8\xe5\xbe\xb7\xe5\x9c\x8b\xe6\xbb\x91\xe6\x9d\xbf\xe6\x96\x87\xe5\x8c\x96\xe8\xa3\xa1\xef\xbc\x8cKilian Heuberger\xe7\xb8\xbd\xe6\x98\xaf\xe4\xba\xba\xe6\x89\x80\xe6\xb4\xa5\xe6\xb4\xa5\xe6\xa8\x82\xe9\x81\x93\xe7\x9a\x84\xe4\xb8\x80\xe4\xbd\x8d\xe5\x82\xb3\xe5\xa5\x87\xe4\xba\xba\xe7\x89\xa9\xef\xbc\x9b\xe5\x9c\xa8\xe5\xbe\xb7\xe5\x9c\x8b\xe8\x8c\xab\xe8\x8c\xab\xe6\xbb\x91\xe6\x9d\xbf\xe4\xba\xba\xe6\xb5\xb7\xe4\xb9\x8b\xe4\xb8\xad\xef\xbc\x8cKelian\xe4\xb9\x9f\xe6\x98\xaf\xe5\xb0\x91\xe6\x95\xb8\xe6\x9c\x89\xe8\x91\x97\xe5\xa7\x8b\xe7\xb5\x82\xe7\x86\xb1\xe8\xa1\x80\xe7\xb2\xbe\xe7\xa5\x9e\xe5\x8e\xbb\xe5\x98\x97\xe8\xa9\xa6\xe4\xbb\xbb\xe4\xbd\x95\xe6\x8c\x91\xe6\x88\xb0\xe7\x9a\x84\xe9\x81\xb8\xe6\x89\x8b\xe3\x80\x82\xe8\xaa\xaa ...'
b'\xe5\xbe\xb7\xe9\xad\xaf\xc2\xb7\xe8\xb2\x9d\xe8\xb4\x8a\xe6\xa3\xae\xe9\xa8\x8e\xe7\x88\x86\xef\xbc\x82\xe8\x8c\x83\xe6\x96\xaf\xe6\xbb\x91\xe6\x9d\xbf\xe5\x85\xac\xe5\x9c\x92\xef\xbc\x88Vans park\xef\xbc\x89\xef\xbc\x82\xe7\x9a\x84\xe5\xb0\x8f\xe6\x96\x9c\xe5\x9d\xa1',b'https://www.redbull.com/tw-zh/%E5%BE%B7%E9%AD%AF%C2%B7%E8%B2%9D%E8%B4%8A%E6%A3%AE%E9%A8%8E%E7%88%86%EF%BC%82%E8%8C%83%E6%96%AF-%E6%BB%91%E6%9D%BF%E5%85%AC%E5%9C%92%EF%BC%88vans-park%EF%BC%89%EF%BC%82%E7%9A%84%E5%B0%8F%E6%96%9C%E5%9D%A1',b'\xe5\xbe\xb7\xe9\xad\xaf\xc2\xb7\xe8\xb2\x9d\xe8\xb4\x8a\xe6\xa3\xae\xe9\xa8\x8e\xe7\x88\x86\xef\xbc\x82\xe8\x8c\x83\xe6\x96\xaf\xe6\xbb\x91\xe6\x9d\xbf\xe5\x85\xac\xe5\x9c\x92\xef\xbc\x88Vans park\xef\xbc\x89\xef\xbc\x82\xe7\x9a\x84\xe5\xb0\x8f\xe6\x96\x9c\xe5\x9d\xa1. \xe8\xa7\x80\xe8\xb3\x9e\xe8\xb2\x9d\xe8\xb4\x8a\xe6\xa3\xae\xef\xbc\x88Bezanson\xef\xbc\x89\xe5\x92\x8c\xe4\xb8\x80\xe4\xba\x9b\xe4\xbb\x96\xe7\x9a\x84Red Bull BMX \xe6\xa5\xb5\xe9\x99\x90\xe5\x96\xae\xe8\xbb\x8a\xe9\x9a\x8a\xe5\x8f\x8b\xef\xbc\x8c\xe5\x9c\xa8\xe7\xbe\x8e\xe5\x9c\x8b\xe5\x8a\xa0\xe5\xb7\x9e\xe7\x9a\x84\xe6\xa5\xb5\xe9\x99\x90\xe9\x81\x8b\xe5\x8b\x95\xe5\xa0\xb4\xef\xbc\x8d\xe8\x8c\x83\xe6\x96\xaf ...'
b'\xe9\x9f\xb3\xe6\xa8\x82\xe8\x88\x87\xe6\xbb\x91\xe6\x9d\xbf\xe7\x9a\x84\xe8\xa6\xaa\xe5\xaf\x86\xe9\x97\x9c\xe4\xbf\x82\xef\xbc\x9a\xe4\xbd\x9b\xe6\x9c\x97\xe6\x98\x8e\xe5\x93\xa5\xe4\xb9\x8b\xe6\x97\x85',b'https://www.redbull.com/tw-zh/skateboarding-meets-flamenco',b'\xe5\x8f\x83\xe8\x88\x87\xe9\x80\x99\xe8\xb6\x9f\xe6\x97\x85\xe7\xa8\x8b\xe7\x9a\x84\xe9\x81\xb8\xe6\x89\x8b Dani Lebron\xe5\x92\x8c Jesus Fernandez\xe5\xa4\xa7\xe7\xb4\x84\xe4\xba\x8c\xe5\x8d\x81\xe5\xb9\xb4\xe5\x89\x8d\xe9\x9b\xa2\xe9\x96\x8b\xe9\xa6\xac\xe5\xbe\xb7\xe9\x87\x8c\xe5\x89\x8d\xe5\xbe\x80\xe7\xbe\x8e\xe5\x9c\x8b\xe5\x8a\xa0\xe5\xb7\x9e\xef\xbc\x8c\xe8\xbf\xbd\xe6\xb1\x82\xe4\xbb\x96\xe5\x80\x91\xe7\x9a\x84\xe8\x81\xb7\xe6\xa5\xad\xe6\xbb\x91\xe6\x9d\xbf\xe9\x81\xb8\xe6\x89\x8b\xe5\xa4\xa2\xe3\x80\x82\xe7\x95\xb6\xe6\x99\x82\xe4\xbb\x96\xe5\x80\x91\xe6\x8a\xb5\xe9\x81\x94\xe6\xb4\x9b\xe6\x9d\x89\xe7\xa3\xaf\xe6\x99\x82\xef\xbc\x8c\xe8\xba\xab\xe4\xb8\x8a\xe7\x9a\x84\xe9\x8c\xa2\xe6\x89\x80\xe5\x89\xa9 ...'
b'\xe9\x87\x8c\xe6\x96\xaf\xe6\x9c\xac\xe6\xbb\x91\xe6\x9d\xbf\xe4\xba\xba\xe4\xb9\x8b\xe8\x81\xb2',b'https://www.redbull.com/tw-zh/%E9%87%8C%E6%96%AF%E6%9C%AC%E6%BB%91%E6%9D%BF%E4%BA%BA%E4%B9%8B%E8%81%B2',b'\xe9\x87\x8c\xe6\x96\xaf\xe6\x9c\xac\xe6\x9c\x89\xe8\x91\x97\xe5\xb1\xac\xe6\x96\xbc\xe8\x87\xaa\xe5\xb7\xb1\xe7\x9a\x84\xe6\xbb\x91\xe6\x9d\xbf\xe6\xad\xb4\xe5\x8f\xb2\xef\xbc\x8c\xe4\xb8\xa6\xe4\xb8\x94\xe4\xb9\x9f\xe9\x80\xa0\xe5\xb0\xb1\xe5\x87\xba\xe8\xa8\xb1\xe5\xa4\x9a\xe5\x82\x91\xe5\x87\xba\xe7\x9a\x84\xe6\xbb\x91\xe6\x9d\xbf\xe4\xba\xba\xe5\x83\x8f\xe6\x98\xafRicardo Fonseca\xe3\x80\x81Ruben Rodrigues\xe5\x92\x8cHelder Lima\xe9\x83\xbd\xe6\xa5\xb5\xe6\x9c\x89\xe5\xa4\xa9\xe4\xbb\xbd\xe5\x92\x8c\xe7\x8d\xa8\xe5\x85\xb7\xe5\x80\x8b\xe4\xba\xba\xe9\xa2\xa8\xe6\xa0\xbc\xef\xbc\x8c\xe5\xb0\xb1\xe5\x83\x8f\xe6\x9c\x80\xe8\xbf\x91\xe6\x96\xb0 ...'
b'\xe7\x86\xb1\xe5\x88\xb0\xe7\x84\xa1\xe8\x99\x95\xe8\xba\xb2\xef\xbc\x9a\xe9\x98\xbf\xe6\x9b\xbc\xe7\x8e\x8b\xe5\x9c\x8b\xe6\xbb\x91\xe6\x9d\xbf\xe4\xb9\x8b\xe6\x97\x85',b'https://www.redbull.com/tw-zh/galleries/searching-for-the-shade-gallery-c4',b'\xe7\x82\x99\xe7\x86\xb1\xe9\xab\x98\xe6\xba\xab\xe3\x80\x81\xe6\x9c\xaa\xe8\xa2\xab\xe7\x99\xbc\xe5\xb4\x9b\xe7\x9a\x84\xe6\x9d\xbf\xe9\xbb\x9e\xef\xbc\x8cVolcom\xe7\x9a\x84\xe9\x81\xb8\xe6\x89\x8b\xe5\x80\x91\xef\xbc\x8cRaemers\xe3\x80\x81Fazliov\xe3\x80\x81Lintell\xe5\x92\x8cVan Der Linden\xe5\x89\x8d\xe5\xbe\x80\xe7\x82\x99\xe7\x86\xb1\xe7\x9a\x84\xe4\xb8\xad\xe6\x9d\xb1\xe9\x98\xbf\xe6\x9b\xbc\xe5\x9c\x8b\xe5\xb1\x95\xe9\x96\x8b\xe5\x89\x8d\xe6\x89\x80\xe6\x9c\xaa\xe6\x9c\x89\xe7\x9a\x84\xe6\xa5\xb5\xe7\x86\xb1\xe7\x8e\xa9\xe6\x9d\xbf\xe4\xb9\x8b\xe6\x97\x85\xe3\x80\x82'
b'Dani Millan\xe7\x9a\x84\xe7\xb5\x95\xe7\xbe\x8e\xe6\xbb\x91\xe6\x9d\xbf\xe5\xbd\xb1\xe5\x83\x8f',b'https://www.redbull.com/tw-zh/a-best-of-montage-video-edit-from-dani-millan',b'\xe5\x85\x89\xe6\x98\xaf\xe8\xa7\x80\xe7\x9c\x8bMillan\xe6\x8b\x8d\xe6\x94\x9d\xe7\x9a\x84\xe5\xbd\xb1\xe7\x89\x87\xe5\xb0\xb1\xe6\x98\xaf\xe4\xb8\x80\xe7\xa8\xae\xe4\xba\xab\xe5\x8f\x97\xef\xbc\x8c\xe4\xb9\x9f\xe8\x83\xbd\xe8\x87\xaa\xe4\xbb\x96\xe7\x9a\x84\xe4\xbd\x9c\xe5\x93\x81\xe4\xb8\xad\xe7\x9c\x8b\xe5\x87\xba\xe6\xa5\xb5\xe5\x85\xb7\xe8\x97\x9d\xe8\xa1\x93\xe5\xa4\xa9\xe8\xb3\xa6\xe7\x9a\x84\xe5\x89\xaa\xe8\xbc\xaf\xe8\x83\xbd\xe5\x8a\x9b\xef\xbc\x8c\xe4\xb8\x8d\xe5\x83\x85\xe5\xa6\x82\xe6\xad\xa4\xef\xbc\x8c\xe4\xbb\x96\xe7\x9a\x84\xe5\xbd\xb1\xe7\x89\x87\xe5\x9f\xb7\xe5\xb0\x8e\xe5\x8a\x9f\xe5\x8a\x9b\xe4\xb9\x9f\xe6\x98\xaf\xe4\xb8\x8d\xe5\xae\xb9\xe5\xb0\x8f\xe8\xa6\xb7\xef\xbc\x9b\xe8\x80\x8c\xe4\xbb\x96\xe5\x9c\xa8\xe8\xa6\x96\xe8\xa6\xba\xe8\x97\x9d\xe8\xa1\x93\xe9\xa0\x98\xe5\x9f\x9f\xe5\xb1\x95\xe7\x8f\xbe ...'
b'\xe7\x83\x8f\xe6\x8b\x89\xe5\x9c\xad\xe7\x9a\x84\xe6\xbb\x91\xe6\x9d\xbf\xe7\x86\xb1\xe8\xa1\x80\xef\xbc\x9a\xe7\xac\xac\xe4\xb8\x80\xe9\x9b\x86 - RedBull.com',b'https://www.redbull.com/tw-zh/videos/skate-uruguay-chapter-1',b'\xe7\x83\x8f\xe6\x8b\x89\xe5\x9c\xad\xe7\x9a\x84\xe6\xbb\x91\xe6\x9d\xbf\xe7\x86\xb1\xe8\xa1\x80\xef\xbc\x9a\xe7\xac\xac\xe4\xb8\x80\xe9\x9b\x86. \xe7\x83\x8f\xe6\x8b\x89\xe5\x9c\xad\xe7\x9a\x84\xe6\xbb\x91\xe6\x9d\xbf\xe7\x86\xb1\xe8\xa1\x80\xef\xbc\x9a\xe7\xac\xac\xe4\xb8\x80\xe9\x9b\x86. 5:24\xe5\x88\x86\xe9\x90\x98. \xe6\xbb\x91\xe6\x9d\xbf\xe9\x81\x8b\xe5\x8b\x95. \xe9\x85\xb7\xe7\x82\xab\xe9\x9b\x86\xe9\x8c\xa6\xef\xbc\x81\xe4\xbe\x86\xe8\x87\xaa2020\xe7\x9a\x84Red Bull Bowl Ripp\xe2\x80\xa6 \xe8\xb7\x9f\xe8\x91\x97\xe6\x9d\xb1\xe9\x81\x93\xe4\xb8\xbb\xe9\x81\xb8\xe6\x89\x8b\xef\xbc\x8c\xe4\xbe\x86\xe8\x87\xaa\xe9\xa6\xac\xe8\xb3\xbd\xe7\x9a\x84Vincent Matheron ...'
b'\xe4\xbb\x8a\xe5\xa4\x8f\xe7\x8e\xa9\xe9\x80\x8f\xe9\x80\x8f\xef\xbc\x9a\xe5\xa6\x82\xe6\xb4\xbe\xe5\xb0\x8d\xe8\x88\xac\xe7\x9a\x84\xe7\x99\xbc\xe5\xa4\xa7\xe8\xb2\xa1\xe6\xbb\x91\xe6\x9d\xbf\xe7\xaf\x80\xe7\xb2\xbe\xe8\x8f\xaf\xe5\x9b\x9e\xe9\xa1\xa7',b'https://www.redbull.com/tw-zh/summer-games-fucked-up-festival-recap',b'\xe7\x9b\xae\xe5\x89\x8d\xe5\x98\x89\xe7\xbe\xa9\xe7\x9a\x84\xe6\xbb\x91\xe6\x9d\xbf\xe8\x81\x9a\xe8\x90\xbd\xe4\xb8\xbb\xe8\xa6\x81\xe9\x9b\x86\xe4\xb8\xad\xe5\x9c\xa8\xe4\xba\x8c\xe5\x80\x8b\xe5\x9c\xb0\xe6\x96\xb9\xef\xbc\x9b\xe4\xb8\x80\xe8\x99\x95\xe6\x98\xaf\xe5\x98\x89\xe7\xbe\xa9\xe6\xbb\x91\xe6\x9d\xbf\xe7\x99\xbc\xe6\xba\x90\xe5\x9c\xb0\xe4\xb9\x8b\xe4\xb8\x80\xe3\x80\x81\xe6\x9c\x89\xe8\x91\x97\xe5\xa4\x9a\xe7\xa8\xae\xe5\x9c\xb0\xe5\xbd\xa2\xe8\xae\x8a\xe5\x8c\x96\xe7\x9a\x84\xe8\x90\xbd\xe5\xb7\xae\xe5\x92\x8c\xe5\xb9\xb3\xe5\x8f\xb0\xe7\x9a\x84\xe4\xb8\xad\xe6\xad\xa3\xe5\x85\xac\xe5\x9c\x92\xef\xbc\x8c\xe5\x8f\xa6\xe4\xb8\x80\xe8\x99\x95\xe5\xb0\xb1\xe6\x98\xaf\xe5\x98\x89\xe7\xbe\xa9\xe6\x96\x87\xe5\x89\xb5\xe5\x9c\x92\xe5\x8d\x80\xe7\x9a\x84\xe5\xae\xa4\xe5\x85\xa7\xe5\xa0\xb4\xe5\x9c\xb0\xef\xbc\x8c\xe4\xb9\x9f\xe6\x98\xaf\xe3\x80\x90 ...'
